House_Size_sqft,Price
2185.430534813131,298057.3461521572
4778.214378844623,694228.4347920702
3793.972738151323,576872.2889279727
3193.9631788866645,455617.0103068791
1202.0838819909643,202565.26840271067
1201.9753415129119,178873.89541033006
761.3762547568977,115918.33229242516
4397.7926559872085,654101.4390459234
3205.0175528444397,496209.5896975404
3686.3266000822045,568612.187767871
592.630224331111,95595.62068791006
4864.594334728975,740984.9323274991
4245.991883601898,632656.9891418761
1455.5259980522428,229172.9598460174
1318.2123524319527,190974.29735531675
1325.3202943404522,198842.67659431585
1869.0900933179198,274870.63901036204
2861.4039423450704,420066.2205653766
2443.752583889521,352780.6516289923
1810.5311308911887,280933.471710856
3253.3380262507076,514212.8221938754
1127.7223729341881,192580.3953735194
1814.6509184084816,247066.33104236354
2148.6282948216126,348078.3052513793
2552.3149289766616,376484.0693141407
4033.291826268561,617008.434243196
1398.5320197126189,191655.4963159486
2814.0549728612523,424947.84420666797
3165.865559879191,481154.29763981677
709.0268572399898,76661.93274760542
3233.9518335564726,497258.1183603547
1267.358556592812,217022.4836456881
792.7321684337578,115416.86635143112
4769.984917639999,742701.1002625602
4845.344148835517,723007.7524562795
4137.7880665240755,637659.9005995437
1870.7619612801682,236242.8948730032
939.5245130287274,189304.23254057838
3579.048619304706,566766.457800565
2480.686221828206,366410.42318915727
1049.1720568015048,117934.02798734937
2728.2960955007156,415004.98169121717
654.7483450184827,69333.74081129728
4591.941809354519,697688.3421543277
1664.5099172000762,257907.80196329707
3481.350279592919,503374.47855889733
1902.6998424023493,307824.31683264
2840.3060953001486,442157.4083511458
2960.1962570447586,463545.9053024851
1331.8450498648717,199953.91155310866
4863.130824940514,701159.142402803
3988.0977051250156,617772.1012129751
4727.745237038851,703754.3575731119
4526.72307692442,651212.8586748096
3190.549904649883,505623.273016969
4648.434057604026,739253.259050654
898.2162592336377,133907.4763054616
1381.9228808861535,250470.85522498886
703.5228000974213,107354.71458684019
1963.9864884346896,286988.8551818764
2249.047803602669,324748.0014566908
1721.0706429825316,290902.2446072346
4229.318791183682,618794.9410497969
2105.3899701211517,330513.8817176725
1764.2052935932134,253447.51733779785
2942.132374212118,432113.7208803305
1134.1590123864319,190728.84573735614
4109.886413393178,608882.2250831897
835.4778965589687,117225.77689543944
4940.991214702328,763804.7761488453
3975.101461834958,628213.1651396762
1394.2205669037758,222026.88110125103
524.8495270562108,65632.03354595264
4169.576428046754,615224.2942210614
3680.858047314277,553727.0123719423
3780.5322561844428,573498.4396661796
3970.7165600867556,575850.1658102178
833.2009328034067,139440.89871210826
2113.0957784492266,318674.633360176
1021.4107678630837,118897.44880669998
4383.965416440171,639016.282816811
3304.8415707240106,485643.66213556833
1989.0411118369213,296899.0129987171
786.0125762871064,155687.46235314588
1899.4204477204798,289676.49328086455
1963.3249491203617,277683.3045700817
3783.227802521288,571896.7864643366
3369.008621098459,498309.5382156912
4492.457341593469,680363.7660296912
2624.967163228772,405356.42822502804
1038.1741067223577,179910.7289528324
3709.6015425034775,555954.5014621211
3923.5327187760386,621309.1183684025
3025.747389062733,472022.5616101338
3969.3523097955244,581254.0555730849
2722.080183639758,452509.140860933
2852.297732218973,434384.55009824794
2423.934582613473,346887.69731257623
614.3860703484283,125216.17157687269
985.51142146987,189382.2649244494
641.4313355903041,95554.19506415441
3363.8468506870117,494504.0223955398
1914.60191484347,283742.7880774472
2788.5681102411627,432579.8510865284
4584.049132667418,713164.503000723
1621.8150311699374,254682.00129276208
2346.723153660334,354042.93721848546
3899.980123443719,614957.2539226464
1529.591744712301,223182.0322458147
846.4095942295685,147579.8259017734
1803.8815381119562,264820.97474976786
1225.4957926430197,192444.82805667084
4683.639435541579,700274.6640354277
4136.5417080398765,619364.2125529252
3350.3169042969057,494999.80529529165
4421.5726558447295,690132.9790003233
4116.524346046015,602820.1311447317
1339.5652649871613,186130.14469710004
4516.5154932049,719897.1952976373
2927.0400886204284,458612.9645861509
4133.480698238282,572319.8307618814
4532.41084965572,668556.4526641499
1931.0156373733873,253412.558854767
995.2336603745455,130271.23518787672
1525.7082314387376,166085.94139112983
2421.9850488181537,360557.9657688442
4181.066446651219,604321.1306144566
4373.287624653545,657191.2488339605
531.2845873903582,47190.262930903235
2798.3628615990456,421412.6663032976
2378.3495141695057,348454.10156301927
1499.485147118286,254961.83137151483
1039.3941530015727,184136.2601851484
2019.2682713163258,318597.15275765455
4743.093667606337,704931.7745277262
1954.4131940933985,332869.5870192156
2834.5577978451474,394122.9641199757
3663.5853150283,521466.62466297176
2136.3332107068227,318774.3196082421
4873.019372244323,776033.6680150708
4831.0128272395,720605.1459485233
1633.0203312141387,241288.14481793516
2737.6182765157346,381804.534355124
1853.9523941754635,297011.4508317271
1781.7822246986043,286330.8587913777
665.9912630953976,115680.19349230782
3243.0395029095357,473871.5119794831
2762.0556045298767,400174.20531202137
731.6543806249521,83885.71208564339
1753.9090890647515,264763.8133949314
4587.196486849942,666471.3264419212
1578.028508001376,213155.94609522063
1152.0269244105039,164330.22432336205
2702.5374212490337,395597.48968367075
4935.427043497703,729554.4859482164
1589.2487218017518,247716.20020706797
3524.6099633264535,530272.4505419736
3927.288268979229,583330.119736662
1569.3689479657985,239065.6007610994
3776.973568753368,546715.4944909125
2155.0240972366396,325359.1870636895
3345.3762376711074,504818.4855075588
3350.883698424026,472571.6175764543
2910.9860783364134,456561.78683786927
906.3039652448374,118316.92068218571
4258.861230151571,640635.3805068644
1943.5102923728114,314814.7786666271
1339.333296799344,219413.52967417898
683.4881369964376,103209.88832084235
3159.018244347088,466602.7565944218
3549.0396282902707,551306.182415052
574.6452301753527,99690.6840824753
2804.418762346764,408295.513951132
1519.2309883907208,211986.7753185743
3403.2775568425245,469044.5298924587
1284.6489305224613,195777.97641204094
3609.2198214610967,539729.0183187965
2240.309058352418,358770.18624571356
4715.284949315305,714473.8442669031
1118.8442486569697,194511.22118199925
2034.7985797261633,291272.50240060105
1010.6308455826509,174357.63345675002
4661.121282253533,688589.8647559368
4448.027090214415,682755.9847680076
1660.7373247182002,219935.43085711618
3469.9282071538055,525191.9370603946
4177.499900905472,586931.2263069026
2998.4036521975804,444417.79811080196
2883.4276026020293,441321.22026786266
1588.3353090520325,227830.92533318297
918.9624551265465,116835.61569386264
4537.470910789971,697543.0060044143
4551.881257234987,680712.9327883096
3348.9565577297058,492552.0707188424
2025.6340597191531,304683.0273809585
2071.443085756974,363449.8457024579
3766.800554916077,588090.1402330424
4536.9961697865965,703800.8988317463
4491.888909193028,682494.2627588013
4009.4399563593074,604745.6989054391
3389.142407694295,460449.7153875359
878.6298424777198,118214.86944239534
1227.329213425762,174487.8937498148
4543.493848371856,644026.2359748277
3228.930768468155,461191.29946591455
541.3867322748334,41591.280422772325
956.6219428971444,142726.8147206242
3485.757960986251,539239.013564914
522.7771273079841,100552.05946868418
1223.636231378744,191841.12394839642
2969.3020521496373,426127.3809984742
3613.5283896171195,503387.95527216874
3433.8256677617023,479936.47617622535
1509.211892572519,201002.13234078788
3704.8064960639113,537943.7804488732
1567.6208937356002,231948.1641005083
1964.2986417167047,274361.51189496636
3859.211323031109,585661.2163280315
3423.348045712466,508856.73680088046
4321.5053472238005,648436.7163183906
3459.258015351545,541693.7133561559
3057.3887150096225,435003.672567436
921.5364552264161,146604.5598498098
2154.721113767451,322928.70249559614
1693.4106545677646,247341.87256577078
1597.9533952058762,257398.13569820064
4878.547496386005,749362.4075490409
2268.9397610004216,321411.14823029464
4514.20949829701,673488.213067393
3340.123816987683,506642.8061998337
4076.650865937418,606037.4949301609
2761.8669189733646,425980.46449176065
3096.067480818616,470033.9624809979
2716.3296221848877,444100.66813485336
1378.5934450912002,176183.4340450843
3751.034518676774,560206.4580065681
1763.475630983851,246351.29441733385
609.4218489415423,103495.42645001222
3404.625331582255,478350.36193642736
1296.9980573317202,201475.96280425577
4732.063629588114,697208.5758112503
4792.678596511643,704218.5521543262
4616.889755992019,663603.4993279891
2165.7141511494997,315555.6037484048
569.5547743799034,107123.22676280403
4677.433531644764,701111.2560761251
2426.8286674279143,376577.90847167664
4849.946685696513,760784.8392938024
4836.289896901638,730718.5962316972
4338.54254960312,639605.3909992212
1825.0200143131356,283098.0464506261
2232.9397787086637,324055.0438800137
4330.115021825856,639428.7996079351
1926.1490232032495,258524.49748810774
1262.7173600874162,207932.75383480027
3005.6056810625755,443120.8006463975
4712.696483723515,710546.4374748444
3632.1340850373786,524100.874183474
3065.2752654021424,468510.2424046308
937.2942219684585,125355.30853256711
3267.532520146264,487295.70358790306
4955.242325469185,760842.8694451603
1130.3780685643583,185371.89652930433
2832.483435636815,424431.9138951835
4448.178823675799,631864.2028972356
3833.45877989392,634875.0283853009
3636.570834478706,580402.8045772685
3661.1783779419916,563630.2531890647
2117.710180488898,302592.4514415153
1821.1632991902202,270902.6516444937
4142.125199653312,610450.3713524665
4145.510276056313,647103.6601903747
4401.8254336104665,665523.8728586066
4609.58248650412,675754.0958084215
2801.04079487422,410741.01724863733
2756.823326092398,435947.2617652578
4092.3283053504883,645851.2027389829
3424.8376884999434,544292.2845447164
3658.850947659665,563968.2834500293
4081.067012462455,607107.5544933154
4505.024038179048,610923.3292202748
2020.978205831911,309089.9313509511
2190.123286879748,328481.91785508016
922.9187292839106,141237.45131901366
3102.2606344827827,466417.04211308155
661.7402320853394,72735.79157381777
2595.1910815960705,400426.8333764343
2941.9008561840947,453929.4547082512
1789.4356345772799,282062.12082778517
3158.7496725605483,492743.99095555
637.2511247257224,107668.70160729083
668.0668493714649,92009.43917494151
4201.702522968462,628838.6414869475
2120.8578863506827,319951.18029766995
1071.7723069334816,162919.8350221546
2850.0946702466194,447478.55365642754
3964.9709889437486,607619.0234020121
1471.1946237357943,262226.0623517682
3303.007141185501,539580.4507755185
884.063592471956,134202.53052307188
732.5677452587347,33152.05081962282
2891.095842056666,458401.0256310452
2932.858047245479,429121.1803070808
3368.4345567419296,489235.50507466926
3767.411001751977,557142.7447630093
4891.334357581406,724767.2927009189
2823.351567355379,435748.13130541466
1953.3041282356069,261806.90365281652
4078.3378764591666,590196.266553043
1718.745130679334,264674.9406858484
2475.3713931753628,383764.58958457055
853.0537160401968,140788.89030474974
614.0783453695587,76371.02622676783
4831.917866050663,705222.3669222747
4261.910542304926,629153.8846699805
3631.8839274216407,549580.0441589406
2340.288249864215,380752.7848650832
1279.824440318806,151024.92233240587
1203.9666920198872,176180.42866381575
1626.093041740679,217260.38744059778
2971.519991177542,412683.14512956154
3715.6816521502806,576691.3807294384
3470.8881952297907,531525.7207744553
1759.7025362567429,272944.0507574567
4796.893762984373,737954.5812422758
3820.536125130958,563486.0408343211
2994.593236301303,440536.23511852487
3252.7433580545853,531626.1160426392
2388.2002809250544,353298.6210535667
1614.7894527552087,256921.0601743631
2101.877053930677,315409.1889088679
3910.307497089661,549580.9539618809
564.7706988339014,43823.02474905984
1022.3268822811231,141769.34794337038
707.0118890978874,127173.8083980829
683.2796104353656,118257.77469802492
4349.572628049533,670717.4374919106
3666.4603672101066,530228.1315027897
2633.7822308929635,427384.78443639085
940.2537229295067,121740.19243569832
2712.2714380257457,411097.20367726125
2630.6229685125454,394386.3994787271
1279.4084145950683,188433.7857829685
2452.332421570879,394621.70600154396
2293.2713047881807,329888.4853149079
3271.3254412349743,463706.7110710076
3357.921428904397,504088.12405978795
703.8680439742003,97583.67191039951
2185.7567658191206,395411.173254521
3316.369620714064,510985.5926359091
2764.1131636103946,406430.16303718666
4354.20428534745,632008.4114183758
3464.1213422852525,482012.4331314122
1233.2049218664336,164476.35656521638
817.5593633019344,124932.7399304728
3390.8867519284204,537179.5858211585
619.3008974372982,115328.91746335311
3135.990115730585,474980.4139925153
4731.0360864123095,703192.0596477968
3089.633800441455,468821.31719446136
2246.7646679293484,326641.94023971073
3394.796982990589,543586.8273638659
2562.138007211825,380536.89745627216
2955.275551921707,441564.5756233215
4736.591639494363,666172.2974237412
2237.461870103484,331710.58358506736
4825.357537207614,740533.3133404409
4574.077888802287,664757.2317795721
1381.060106551834,192144.60929291885
812.1258539382445,137673.09844540997
953.5010061984199,113492.00645940192
581.9982154319738,108455.75246563443
924.9933234016778,128106.12070678963
3573.5304803736058,528258.2076462168
820.3489180710304,100574.76960814268
1935.3903363219258,297869.47565684654
4301.938899362545,694488.2746049694
604.7237108112164,106338.50141089509
4165.10817165021,607480.5205087208
1768.3464864802997,287964.3846818745
1031.7417242974532,148427.667725933
3635.317244138678,572787.2862493529
3330.2428105094777,515669.94961970893
4448.624060871738,608430.7778213259
3807.819697117486,551091.3619085224
4115.6641867318185,636237.3324664806
1769.1555765708792,268406.48192853224
1298.4779470087528,174296.5730971559
3877.7663823838625,568993.1670477032
4130.756326702688,581488.7166036156
4957.273139003029,741823.5050999265
2356.7795461014193,397730.7264355282
2174.0813860675244,342210.87572477513
3993.858323338986,642887.0885246163
2033.6159311385802,322690.3314665866
4688.407965216042,723810.7816494601
4362.857383293553,693910.1812489334
2430.4731231875826,372116.2336649819
3878.9198050617383,578093.4243291231
3895.4429333810704,604969.5903396008
964.0574097616968,173685.41620669223
4561.48808005805,674623.9191544635
2773.635676015357,401613.96975550294
4219.058597484837,635635.9102713432
1940.2232046377528,307663.45803429617
4529.854528232902,695440.0002081665
2251.4075543037343,309227.7811418082
548.7694316613427,120547.53609046784
4574.218893886687,673309.535495066
910.790045537601,131317.2068928686
1936.9113691568668,272483.61817377363
4775.278851728622,770258.404478035
4777.732161219003,721501.2375886098
3080.4704965547876,445051.0728695868
3343.267454764097,518768.5892138634
2518.004848902439,393083.4429215665
1819.4484726412904,269162.7304245959
1978.9904541646217,313660.7023803609
3526.333052346673,512444.11863538367
3885.68538246956,572994.441871449
4062.1056967663185,569111.5214236265
4053.2816425754927,581513.2247019326
910.4274637191066,172716.7356712797
2724.8913711616165,441562.27822868875
759.0144200748992,115167.93598421414
2972.87997045681,479190.62451231823
2486.8872561801963,369831.5986948633
4494.668822412349,669332.1173104942
2079.1175564843543,312997.84644196427
1026.8015739242264,151521.80418216265
1143.4625692377613,167215.45891446059
3926.7978427286253,611887.6385522848
3281.981284923175,495299.90581760026
955.052042552556,157507.4416715595
878.4806275174885,152399.7046331699
3654.36109156604,555917.8796480007
827.4335286388709,104709.60277766586
4198.3702668066035,602698.2222417097
3678.090022204233,554689.116026781
866.069512888549,126485.30083678366
881.7697133833636,134013.28558590697
4939.87810325529,740660.6347033217
2184.2185809025414,379304.26033871254
2167.8896618010094,298578.92415732465
4157.598052658761,583840.7825023916
4762.618598227365,721040.3264044968
4937.004787202919,733022.266988674
3890.2018336652372,589851.6324443846
2193.1681348891207,340652.88067904813
875.7532251440094,157045.07767517935
3997.1611216734655,569429.6518433411
3012.8191238111226,440788.5106145251
2408.9990416113933,369925.08141932427
4578.594732926312,702198.4818526913
1000.388670377681,193927.29156241988
2716.8129693088663,426636.02481860726
551.0914014533859,81527.93830028233
2608.9728889735684,373537.21828718204
753.3647405682681,101718.91403085983
1034.6806232063236,143348.0370218064
1028.868110496972,167434.88914482098
3421.446359522286,518356.90284005954
3857.201956694405,552107.3020873171
3125.1594429372185,460055.8870587741
4829.776468135438,742017.4212893442
2186.9176078566684,335070.88827798143
1785.7043882683734,279228.5505605114
4408.696076852571,668962.845729031
1506.1812733375368,258455.8056928077
4834.501427482751,729896.0753989
554.6951361041736,75483.81445821207
4864.454720184375,711353.1072049851
694.2196037775925,109125.12973083311
4510.14401164132,627707.5214506963
2874.6549908883494,427512.46859659813
4968.341582536851,741134.4401821007
832.0845413092949,97523.26412404861
2992.3442798059436,430286.32519777166
4861.861410285946,745472.3621458566
2853.9402987656695,432705.2797963497
3332.2938716086815,501879.84741544875
3630.869100430777,550757.3157432571
2545.43479145498,383667.7704772254
3324.0113603782856,523458.9553139091
3129.414403653951,471880.74418216565
4555.21104720945,654117.3948050425
704.5087115365604,138278.90602797226
1764.3343531650364,272056.95832133235
4776.851678344514,704742.6771357758
4506.187027509123,650860.0197604682
2550.4553875357083,390486.59254951717
3290.5966901069155,491246.0634165498
1748.2153234150971,293715.2342329127
1346.5452187569258,195063.63720020233
2586.6428222299196,371248.8075408386
2090.0850261172377,331428.6782823042
3126.452503328924,487473.51335367525
849.8058663424317,130843.90730356866
4884.776634497749,746243.6361281605
4937.948350158213,739938.5101088871
3641.7277130888533,550936.458983513
2912.433648548542,460164.86493355973
1892.8742732884748,296437.5076737013
4162.077588681269,620926.1495355378
3581.2902764924565,564240.7923923916
1231.7762270520109,137469.3266019714
4599.172330222291,730917.3157617822
4201.41759315426,596093.4570753244
4774.099609813658,703573.0849766028
3765.7377877476197,564042.3174582416
3260.3683817110546,486125.6438420949
2382.093663307785,377442.27029669884
4697.27817509306,683434.9938917543
4397.287502751838,664808.4617624369
703.4840154778524,93958.36035728277
618.651385237634,98700.52737239344
2194.085150951223,327817.3274467259
4147.489988518248,623982.2113313967
4942.74258191725,730412.8906383006
1176.8760099658768,166330.12249295987
3173.588219084608,481783.68314323976
2214.008854839597,350975.63834106043
4864.614790165714,717726.6318409002
4289.535154110689,626054.9222251452
4272.479171200121,653141.0789934548
2609.1192190773663,390717.80500045116
2366.687760519493,371613.126757643
1730.331823688178,241433.82928580375
753.689734929172,77464.68173090718
4391.25069314774,648027.5223356342
4158.054541085349,608381.1289775021
4998.729529787588,748233.6614665323
4984.865766832574,734992.9607394784
2999.4426752118234,464736.7403085025
3960.4433683122975,588303.4999983943
4751.445784470926,715726.3576461169
4323.413258048351,651664.6798760715
1613.0664578443896,245859.07052490217
2527.448608895421,378634.7091252136
1081.2173681817276,172394.6190354654
4793.229622664251,703071.3407231215
3227.78585502896,512156.2367874217
1528.8926247655822,224603.1460474666
3522.653079826355,502166.97921597963
3281.577082060531,495998.02944891516
2111.732231147782,299736.2250232176
1011.0091648983306,164958.06542492707
3522.079380167598,572504.0185459873
2841.3846540670697,410476.25627890346
3975.432762810377,602962.3610860362
2840.73575500397,391000.251476503
4334.816751433431,659300.6173038415
2983.580774485185,429822.8401767839
3024.220871909238,441136.4384176961
4444.941211962552,644715.4519975863
2315.6728979557865,361993.95921446267
1103.0685280278833,185606.36635364775
629.5220434100254,94896.01080467396
3898.1176505312856,567429.1134729785
3291.392981090591,525499.4078856659
3668.358956446506,535245.6409118827
1458.3387267900985,175510.16301996598
1113.671640140464,176218.52622021094
565.4509955054687,62722.15585298996
2077.6440146296864,331418.77806443645
3154.6295908458487,465571.68469340896
2265.0982029487955,351838.9952532032
2468.6371491067807,398325.57929706026
4568.714125221868,661129.9414908658
2067.1496016048513,298753.6976228796
2812.9527012191484,420429.483729731
4026.4385573351437,634716.8099809585
2284.4425204457157,329498.72370804846
3299.390151025431,483018.4487348345
4380.636689360354,666658.3149151693
4772.842806459389,704381.846454697
1161.8306641806707,177325.11728505293
4669.644313226725,669415.8985646461
2714.523318857922,451465.0966798202
1662.0997473453126,222360.77749560884
2566.110903072176,378481.58138102223
4910.146588784647,735872.3676008552
2716.7814229679134,445770.9761323229
1979.382246293787,270410.4213254132
3350.303844425266,542219.659373365
1580.655284501869,252241.8290973208
841.3849764889876,134549.65296181306
1079.9587485979214,142301.1385493291
1076.206275309976,172853.76613725786
1183.5621208053244,163064.58567240264
1124.7222769223456,194041.5666023201
3383.936351614466,488169.2121600152
1318.4603797961518,195505.8870803011
2055.5027749573846,297219.9544833443
4535.547844577053,660581.7174380181
2632.8273811829254,409750.5035155971
3504.0098233446224,536310.648449886
1275.4394204073342,215496.11703912006
1365.3005846390183,169197.5855316894
683.9087731991549,123869.73002669412
1260.2077838247405,239140.14568084895
1753.656525643814,254015.65706303317
1296.5471792453607,232385.0491289835
899.1614019067503,129610.984844816
1042.8614199527037,128981.01824167941
2573.504456147266,379913.019573954
1428.5017328260662,235239.33927741545
2139.2143747163395,304118.6265608203
2765.377718846856,402799.88464689866
3606.776728832144,552887.2979706853
676.9046292849453,101596.89672751325
4097.3467950906925,626294.4783133387
3325.551752709085,503589.3537215295
867.9156437699236,139779.85295652
4431.103808480498,656019.5475558839
4643.92580239316,701223.4891995818
774.8508193468869,97680.16278811435
1745.9494166624168,287661.0849494303
4127.905759068776,606500.3695239702
3867.1686067264627,602652.2407599572
1330.344587103698,194879.54884589737
1442.0719550151964,220350.7734674259
2167.124462561219,315169.3783663688
2680.353433359596,381733.1063805788
3282.1464718863317,457426.76303084375
2160.111378063976,302910.2235377473
2581.4062225991656,380732.75632555643
3863.6192216019044,583780.4668168634
665.0744130076905,119968.74821681884
1635.9662495480934,236479.78823627703
3710.073136480486,538871.7551867295
4528.430769592397,650410.3197188053
2802.5484895204977,429983.5457861567
2894.5106836939203,461840.4928606749
982.2740510289923,172667.7130134746
2513.355650705546,391202.0025687766
2896.777699047604,447287.5212024926
1591.1172663562834,272620.0655476293
1711.5945392722144,263380.81011916837
2197.778733970802,342589.4036161037
590.3203899997686,82132.38126292531
1949.3562451243022,265162.56935155013
1451.5160314844509,204050.4267126761
1973.738084800616,295877.5319493993
1038.9295931866304,157055.14642802064
4507.3727633295275,714631.6315965371
3171.1660409932188,477300.4495008042
3555.9604361502033,556970.9343030434
4051.2705737330225,598989.041228427
2742.9898951807577,405214.96656180895
891.1412963934066,107091.04171454202
2916.979438183465,422700.3554699883
3140.785031093956,481657.3824913685
3854.477633829485,578322.8486823054
2442.4679580335574,385228.96610297833
1074.111362580037,164741.78335390653
1776.9915760942602,259499.6617813842
2133.8703337938578,363046.48734481784
3406.6275859922057,509116.06652456993
3068.5023710101036,483535.3750456216
2102.435266540308,307341.1058501527
4939.318619568408,755089.7825229326
3225.986687105992,502458.31624893256
1567.5205628119752,239297.9238333079
958.0211267918169,96613.51056484047
1187.8661263294941,178544.96816654637
1606.8097777302867,265630.6676147425
1223.0661796680006,194009.54361075468
1339.551608230876,209849.51873921632
1782.928259122312,232994.1001891964
1280.1811788263967,177618.07541045835
4535.444410818913,688543.8142458657
861.05185547739,137365.44385734634
2860.301253066146,453338.52356257994
2346.785721453477,349120.5231150997
4920.703776088729,746222.0481467856
1004.1750597562356,150953.74380206122
2290.3501957058375,323813.67462584446
4862.61694973916,684276.7158389791
4394.782066522911,667837.5038210382
4176.82431927176,630002.5920590203
1660.5627217022293,236720.907413331
1268.9941432552962,157965.66035797712
3508.8944896599396,538928.9637371657
4682.191951074136,697010.3911772093
3005.433018562684,461952.4472317655
3072.2571026145492,498119.53600041755
1759.9059214712788,221157.2706142977
3962.718199363716,580415.7137305101
1341.696868508855,197067.01801008996
1956.5565638190965,322580.0080557975
2414.4639737738753,329441.5356819516
2784.2467040800475,456354.2261256192
1590.843795867861,241343.68741150494
1016.765711326416,150594.84346428522
3247.7901909873467,483207.33338372386
1798.837489581151,261100.3627935721
3115.5719964017553,488298.1346456464
1194.6322187339103,157824.41772843778
2665.1304583466786,406677.85238487885
2896.6524464821364,426814.233658181
733.2059157009211,94738.21838485621
2014.7192518726426,353927.3912945743
1104.8660462253843,174110.92162887685
785.1873671274549,130043.41596234111
4954.821045754754,765978.6924765863
1950.5923023862533,264161.846451567
4144.435006345857,656711.0891343191
1645.8829464369373,196703.2983956391
3566.762250007682,519639.0093003819
3921.0253695035894,578973.1719619604
3180.374332735299,488690.617209705
2622.092848475713,397688.29259418667
2353.2841136627085,349656.3222354384
2069.907199443479,310246.1330239674
4682.881149115216,682871.711896831
4237.787335044781,605723.4523670336
4842.621097999307,740923.3971466172
1059.3375056849513,172774.7481034664
3788.903638416399,600025.433265601
4722.53205569467,692579.4664178963
1315.5487977454707,211188.62386783905
799.2332031504988,114210.84590528018
3835.042921805266,599065.9379746596
3085.1290093096036,483208.6069300034
4288.229495412224,647458.6122963228
1128.9756948183026,162555.75108942567
4078.7029033695057,631024.0790775912
1407.3229402148504,224036.53149735887
1236.4517428956701,171778.95339262686
1239.1960906894683,159323.44013383164
4165.586241041219,619067.278142547
3493.3874931329005,554316.4002768992
2853.794411461037,450998.9048938163
2114.737178555761,294964.02738995256
4447.402433658987,643755.2167308497
2266.002983401859,365394.12450386863
4174.697477622097,603491.9035481579
2476.107088565983,381601.9697577376
2196.249932412084,317116.0655550861
2582.059035513229,419649.753817418
1856.2004337386393,263021.5690780383
3864.24221079313,602503.5622230861
2762.241755416156,418033.43639363075
1544.957128160678,236787.46630878744
4548.085579735558,642806.6653333057
2227.5104961794514,290068.3073628033
2945.9878750129487,437486.86244659603
4579.124499340462,691806.7961694015
3309.0709816129643,473856.69068719016
1026.0411831876384,132132.3092686189
4729.244556260638,720616.1360356184
3324.6862388213804,509960.0254323497
2007.0752659568875,298306.46868577454
1126.7243269852427,184612.6834715079
4073.113351716332,587482.9568430469
3290.3274016783107,486430.4119100072
2900.574913893447,468043.78919969057
4522.516623729309,679743.9361581927
4048.6874505103883,609829.3678682982
1182.5369587973803,223499.47553896182
1902.7493050799671,257425.55244501962
1618.2011291650958,258658.7767076066
3847.7583165770466,610443.473082719
650.8959563110072,91137.23491668016
3064.5035819209243,476868.1530252356
3931.0640858331076,570019.222930748
4445.445365427873,653082.156902834
2039.3678692215835,313604.50870419026
4195.657871024057,645320.0141158204
997.8428162984326,172095.1526928898
4309.035312805332,677747.8686595897
1073.6989804939208,159705.91590298447
2287.792807521653,367041.1562316997
4087.8291460079913,606328.2750322156
1174.6284230694819,194236.08969218764
1531.6312785468867,233894.46773907664
3750.1365577687984,571434.0418069583
3740.1644144573347,569494.819649041
3385.164347983838,475680.5520016195
3622.7680001019503,520932.76283807703
2942.259995064183,443389.8280559779
1633.0957650812875,211218.78316936974
2055.6319707676375,324969.0176791408
1317.1897256064155,215009.57816672517
4588.027526001328,694747.539957755
3125.263076447542,446366.7812119729
2303.8313754363794,373177.4850928272
2579.026116398597,427598.1302541567
4762.775028253169,717357.7907868949
1190.0813140223609,188722.90467237885
3138.0342440755876,474739.909707259
2776.499054980097,427082.2420269905
3251.5440594559154,485340.4337858594
581.4958271937822,86533.08928219127
4424.557590248682,681797.9905472496
4694.532271176256,751092.3239143671
3043.0993261514404,428463.47423468134
3634.9287074460153,543163.056428843
4651.247215297831,674077.872590033
3682.5738544102937,584226.5761330657
1186.425693114176,166209.09458072844
3093.2976207506595,435130.62723688304
3230.2177087228515,497296.3962853992
2408.588020860737,396174.4254239727
3813.999060311253,585371.8164179032
4704.651566460567,709793.6925147233
4665.058308080494,707941.5646675939
2528.777171318595,407613.3889543003
1009.5712062833986,133951.69554222678
4931.785395330506,737530.8672178496
4275.041389006703,632202.4053808148
1060.9820654147009,135790.0036663709
4643.788471778175,690000.7655783903
4414.533629279577,684334.4663115856
2834.7712570673243,436547.7315279532
3160.7394608521818,486997.1291299913
2295.512167415586,347256.3373454043
746.427374699141,122430.58185944291
2008.387587406554,285246.331264021
4112.840518691051,610735.8800851131
520.8441035207129,81966.70026748047
2000.7462726101487,305662.25806916016
2291.759121159245,350167.6252723242
2918.280213220653,434975.3263427704
4639.3502738574225,688354.0730560068
2058.5569746468254,371938.9718579098
2061.2894085330245,327329.1567386016
3818.755616493868,581076.2919931326
2534.9807340041325,375582.940136492
1510.7217032299188,217583.8789456103
2535.9778225971204,377780.6615150289
1133.8565917090993,175935.0656280986
1293.741439278005,156452.5050104391
2742.654977327659,380010.4546916552
2385.1645227704657,345037.03063679073
4616.806554806451,696663.7719565389
2130.772546024849,314830.4189606903
3112.6475762511955,496459.56095966895
3345.1892956378865,472130.45860576764
558.9250546475014,68811.8488050578
3485.918174075198,553289.5609311017
1301.1618509138814,197796.66413058515
4824.816428612548,741419.3159479054
1168.9822748890083,216372.2800987405
2365.808556771607,340995.1951577046
884.0735063538973,130624.73919724397
4985.934133306763,742441.5819773971
2759.8775464905916,374889.7718839232
3179.232577940197,470676.95061591023
801.8441482479236,137897.86598480184
3874.8221167963,592035.1083556898
1444.575168930136,229067.9387272806
4541.244302483212,673676.4657596918
1423.1283821690322,200347.31260524198
1358.0947429864996,229099.32488594734
664.473505316427,89724.68287031066
2624.3012529949965,399526.82872511377
3041.7850996817738,459534.4585658168
795.6888774275856,148587.6719392802
3989.8742751275477,617909.3884225794
2539.7997563661243,355064.79104157625
2859.75621197411,405212.36846061575
2483.432361222027,384093.0505446867
2303.4337739389666,344228.31314326165
3018.3814908869804,443653.7879539718
1198.5811066882063,200099.72368312036
1318.67658722872,201550.67572608622
4378.035294560828,657754.4419219131
4757.519579601348,729224.5097553032
2179.8919232588883,319481.60858996195
1718.351029145992,289123.03408134985
3397.9979445755707,493938.73922167544
2339.3037699414335,364034.1468180568
614.2386004715519,120812.44684392968
1202.6866881478568,152857.09343673653
3721.875029813289,551414.5509549443
3465.157738595681,542617.8086470633
621.9319662656757,116434.68589447186
1498.8747286982725,221401.2972969761
1539.8365846463212,216282.065823411
3523.5173461942777,547646.318375757
588.6974198946386,111975.5950358279
968.4886189305823,121980.02586933944
4099.622384179353,590865.0846475753
1303.4509792445012,200022.78052634717
3437.357485333436,528190.8354685933
1571.8225147102694,229791.9955019393
947.4862674170532,155708.81651220497
1594.2748594975433,224938.49678788384
3750.2011933504664,520236.3070210953
4350.634106478286,644117.0945250911
4235.989390551462,636663.0515129813
2287.325883283047,337582.0832945279
3506.383114567908,502785.40191199654
1422.4293293711944,177051.41988810283
1819.1647861745596,262592.941838826
4533.511183345039,697979.7929347508
558.5086557983121,108900.24715802046
884.7883888451063,156472.52600953504
1435.4881481571229,199005.03152059735
619.3949174321888,69835.11114222104
1316.459457904088,207401.6109852111
3123.687024363615,481255.05388650077
2396.4104776662407,367464.963753946
4517.022699846387,637272.1394922028
4178.496027822985,609436.7124757784
2038.178082640442,305132.93659034674
1667.4054504408161,259855.18145873098
2208.6158367527014,346638.52276495495
3156.3272413166346,476334.156643136
1706.286383702943,262558.6336862062
3308.670085321103,497997.82196538756
2342.352434860582,365065.252713457
2984.212313833911,453889.1601049049
2462.569381108925,370700.1603672845
1825.0959179386296,268397.01170804683
4768.039881329705,716831.8107003054
3936.2260737189235,600125.738634624
1130.5092909490363,174925.9014203167
4408.105891540607,668832.4120979962
2693.4403921228113,430870.4960454454
4525.485021023411,684126.0316084435
4099.348651762919,601922.3273549747
2413.4607701115506,379691.25123661594
601.1118874405283,62842.816362700905
1709.0481172322573,234728.94997005287
2937.3539659739013,447320.0401904866
3350.6519892176625,512925.731738381
1660.4945844494102,224173.16319733165
1127.1023333277085,161409.00037942128
4257.186065596847,626456.2331951339
4929.809813165984,729737.9455172657
2865.6058203620864,448712.82857977186
1272.5567863173658,205013.62721854993
1725.3829693371604,258425.0018034999
582.7580444636003,76494.46812724149
4614.344629522246,665158.701023934
1029.879873005635,182885.67972648423
3094.324139814141,475990.8989778195
1733.248493092427,245853.89188240125
2993.8010113210703,463462.1416506584
3431.391747583389,513304.2897260159
4233.838116682407,629333.5274051143
1428.8957229227144,223038.5890041992
549.4812289631622,67592.21934621983
1115.9853353096328,160522.66990624272
4550.083888316472,684941.8045314618
4432.5053490313185,654886.7784969935
3188.358959766387,491635.5481703086
3202.32587195144,517730.2108662812
3492.6650354581498,508813.7926665796
1289.1707538055232,160073.1071447476
4614.853756662319,652193.2601498227
2384.467362014329,354660.7414722497
2224.1233771227385,320355.2147658871
2835.129673772769,429426.661087257
711.3468504877477,109353.98101368417
1248.2751594023573,155176.93697807167
3821.151273918667,536875.014498172
872.5940056630691,136807.76565638225
3214.184492598747,484836.2505842112
1604.0709935659443,232094.2890675606
2251.8302631888946,304631.6677756881
1799.1218154681494,279296.0975755222
2100.5272240922714,340517.07452231954
3735.7065733291047,565915.6348037441
1837.0477203042876,258607.68023434182
3048.8208813360375,458214.1755118287
2642.2268098959485,369011.7398657186
3486.5202441319166,544137.2508965634
4715.733826961411,708996.9607348024
3796.5744374461265,534123.0273818542
1467.2317036584054,214071.26833988717
640.324107775781,105314.64637105177
1680.188199349213,245367.2774828715
3177.8506881511466,471159.6887938685
731.4161606791265,85224.37996092354
2733.6481124055636,421378.03660246765
3185.7928201260015,464899.5390185175
2004.0975086763237,257485.7187613479
3969.1049168561985,587940.5901150219
979.6921391019731,166576.81517670304
838.1200178111394,117979.41373967196
3776.8494029162152,601287.1101399027
2729.710922927893,418035.99741015426
3597.8107839248123,546446.7808343291
2456.723023716858,365940.4882391765
1608.8091495759807,239955.6482811113
4185.960429533899,622625.5917276947
4097.371455360407,608560.3304624105
3626.1341188449205,554537.461068081
1724.653117534832,239981.3430344135
3156.038000910892,451887.8235621486
2124.3825362301204,296193.4794170105
912.1193299698537,177730.99044902113
4627.911089580092,704793.5214704254
1115.6838391353263,173442.4199039018
4776.068092193611,695259.9204231731
2507.025978310801,388520.7427601167
1333.0981797737884,197633.3000370017
2938.5542632026118,445066.51830302674
4428.2562614438375,644706.0328993044
3795.0119888430254,572457.1754748053
4129.525165376524,610952.1040423489
3464.525150198228,504366.54938913044
3615.244540330336,556968.8077656954
4321.380432043937,617452.9086359905
1623.5060398663368,254821.4312662335
2702.412336394132,419051.5731301798
1495.44248818821,206723.4997172067
4944.506035984911,725269.3361750874
4748.267028589759,707779.5406631358
677.4206511582765,107253.82188298588
3675.088276320598,548206.1416118052
4663.617428370496,708213.863459412
1312.5890530730007,232147.9510116981
3055.7535374868326,448208.69524003065
4619.697339146188,658651.0014578598
652.7569036360948,114432.00720602728
3638.3912026107796,579424.9719101675
1838.0705331764784,283565.9472374943
4659.782879194387,677212.4583720847
4869.762103244155,727986.4682219191
4749.199201010452,690009.4104673353
2633.963974958587,407951.70612304704
4379.19192945191,629852.9813638178
4300.472293407816,639068.2682746084
1935.9521295946504,270306.0629133194
4230.119633678049,637054.4387544065
666.5343562197168,92653.31989020236
3183.214453169239,481017.41004039114
1535.0397677946637,230702.9762685269
1042.5509859977547,136649.46734518098
846.2894073314412,139480.9523702966
3633.299491451629,544019.610680882
2029.4373369562977,284645.02038612665
3761.4504718794265,609036.1019060297
794.1035335952406,128644.13337362859
1918.8065202377466,284755.7669676759
2927.7108156890176,467460.7128873891
4058.254241775336,645574.4484540327
1934.3862631943146,287250.9510328695
3316.5111939665408,504424.6288236764
4486.8998670628425,653274.9236993676
3271.3843468203704,487763.79700769536
1548.317636391352,228266.3943835054
609.8035170044211,95167.06822309626
4415.444932554185,668971.949455868
595.7123488267421,100553.42130057252
4436.157527078897,670176.4821878338
2880.217103122454,407817.7129357848
4725.804643308033,690101.3543813833
4094.5245609814942,603250.5317579507
4990.703497400019,742960.7127715383
2078.203169532696,332745.96123934665
3952.347300190071,569593.3152914525
2308.6891112415897,339155.0657228244
2659.44029136759,417976.2336694195
3323.7745844826654,492568.63818246755
4431.547013838524,673940.3650726352
4928.375611396828,736465.5008509662
3957.2303623903317,598720.2195050442
2379.950519753002,352423.1270867595
2396.1065102468156,372757.2859915894
3819.120357150012,541966.925424373
1574.4971559573605,228908.33322583316
997.133509091276,155501.47989757758
2095.7997093834947,325043.86136764806
1792.5754624433678,298745.3718215817
1833.3865420519553,267187.48797048174
1551.2348797245947,262274.8671959067
689.4193533636285,90232.42647135086
580.4327063003622,113637.83417594721
4944.750753812142,758061.9556057887
2424.9791018113806,345477.6936790626
2229.4699122185675,340561.2715778216
3558.4127721188142,532737.1991071783
1482.1424953927888,234833.06618241832
4774.825327776014,711758.367397736
4038.552564869984,599637.960217263
902.3495104051678,162734.3182160322
2379.1134910321775,354892.60576571315
4456.032384029741,684933.3040882965
4751.2941003113465,708187.085345818
2603.306800624414,423829.28527821257
3260.3512514481845,475485.9951305178
1251.6527574143386,175465.0429872071
4960.2588176163945,774529.1662647773
1542.5226562254952,222479.4706159192
4742.292983608066,743365.4336644977
3423.409920465658,531348.299661745
3234.815576954866,482129.34241201327
2807.098299574289,384798.87549580017
1538.014152729914,230315.7568240504
1294.3761440247872,196189.02267438656
1492.1879408157893,247172.54578845584
1338.9721796491453,232614.77047217404
4008.13013105039,587519.7760746835
2075.5636662502857,327358.18521730654
760.2920445352836,129351.84980055953
4860.961835633651,750612.5293932566
4477.036482335416,681529.2705930233
4674.885274378458,662382.8373375332
4977.085201908959,743454.3316357887
1282.5286214876928,169265.14172481562
2283.0890850619644,338411.24730093323
3912.073140668411,606411.0558229395
3632.092781242065,550916.9339038092
1192.5315785293478,201841.55410735085
4171.24906245778,632522.4377829378
1509.9825732649729,200530.86719636788
1507.179266701804,175659.9498738159
2916.384903020361,440433.91068664595
3168.2297067876643,470955.9266911263
3110.38793527015,447019.2755028849
911.6907682898969,102741.07025045698
4448.573881836712,652591.2180060527
1695.2001916491772,250390.19905008105
1082.817145772619,175740.12834002063
4499.366359410397,678677.5755429191
4800.43174203389,752226.1062485381
4379.574277694528,636224.0605332713
4142.822336261952,639044.5282804415
3448.5889128755975,518234.3117939142
2978.858167741127,460722.1076435408
891.4404196013456,124985.76567489096
2338.0394588181443,372139.52630053344
2177.098326555413,332469.24415021687
1668.892026921468,236744.9043398652
3755.390511598632,563068.096161531
2731.440807854469,404925.0039994283
864.7079715844156,139489.76275041822
1490.824408774151,200028.12632863247
3574.6644364681815,535612.6314279133
842.5888677063508,134294.47520893923
4330.431113219459,650225.1331267796
2728.1593715628846,436162.7306222126
2662.639597969916,414876.3951769084
3165.8350309678294,474725.6387103595
4211.064346663172,635993.4339494292
2065.141435559869,315684.5263636203
3551.072686515786,540726.8950607043
3045.79383798106,420355.91578386683
1701.627215762396,249213.55644897246
4453.834938598211,638386.4594258631
4088.4170972311763,638828.1835338662
3463.0332559629146,518237.9979943786
4327.617780924089,645275.8481450209
4402.823904319111,678359.5322885313
3687.6333952176565,561591.5052316459
4266.559977636524,617411.3063578946
3638.621577511776,544375.129376219
3560.6334729213518,527391.6814736751
3283.7512019683295,457672.02252312837
3887.2248780093855,569278.2070366638
1213.7229738188316,178387.6396324954
4463.918416395178,667288.7438294399
4423.295874853544,633849.7527544855
631.6127736555161,117775.22770927692
4216.175377541433,630384.2454533861
1079.9144036305033,162738.22207778678
2008.0348441661386,309218.05939171754
3845.7871533122348,561106.5479187618
1223.4195322173869,192640.04929526197
4180.8516085357805,619786.2483600035
4244.6038008098385,618758.8593085319
2783.604801923763,429009.67015567236
528.7364227257511,109143.94058489884
1791.6715992871075,283247.32736278273
3276.17113269084,509885.2212064346
4915.337801123405,726888.0580372647
3343.1608715750076,469521.736152882
1669.1161147887192,280170.1676603047
3353.025663948251,544044.1473803328
2929.9342087213495,470346.266783596
4009.304278180146,594679.9229474269
981.4128747213128,124119.24443362006
3924.6255612591262,567380.1802324776
2935.699604042496,406680.2892540934
4833.464017365476,722872.0302366206
2038.4247471740873,337877.2712377622
3346.7985191027665,499186.5252279701
4694.126474795079,710165.4292262273
961.2937759580566,171706.00567979267
4717.52819256403,699547.3226479565
3595.48575035366,580033.4916874409
805.2667659732736,160631.9030459401
1854.3360512606732,275528.18091549136
3686.774398903767,541465.4745551808
803.0777066094727,134406.41691922717
3119.76707079323,461014.5617686073
2056.4737562883056,285339.9591018991
3294.119829953647,519742.7475635066
705.8391521563078,130204.82056898778
4421.915627685694,666397.5762281253
4880.700361298286,706847.7591201793
4859.950348785612,704402.0272934941
3873.433242843161,583159.5721948573
1085.388080587844,152810.79139807593
3912.1843816806017,580005.7986092581
610.6411240646069,112035.43171089109
599.5559818804877,104596.98363052431
1956.2459861729355,320999.7515358926
2698.8943568209957,385021.6890556042
3966.8333801350695,588161.1756465262
3574.8291947292732,551404.0131185933
2506.5621786953675,384945.89362456294
1731.3199982674964,290345.6073918769
4987.0602507097,756469.7717245364
2417.815860061878,399634.56109139277
2531.24160948354,390486.59745699377
1236.3071953625113,206689.42825614987
4076.6429693746823,605026.1464705132
3621.570016016699,543521.2466401845
1493.4632575494218,242238.37670920277
870.7147052712921,162866.7692025549
3562.246859336209,548921.7678866464
3445.3004642651085,515131.6342010739
1729.667871491942,286996.88131435815
4778.886030126847,672993.3313934293
1179.760513014051,148519.38692197017
2445.5066046917086,380458.67517712404
4746.271640754195,712222.9132381917
2388.7729261675504,370426.21194761584
3373.366764488385,507293.16512189654
2289.174790832574,354795.1325169636
1733.968410569015,243807.20516548847
4927.899415819227,750594.6340944779
2342.0030284176937,371188.7448268058
4523.446416556105,702927.9745620404
1534.7957265098878,270490.44486945716
1458.9711681128747,223727.64408697895
640.1033729803012,101493.72768398876
3432.5007141914825,484411.6578452454
2158.368546756925,313127.0539907702
4389.6121242783665,654580.1771616228
2629.4445801120073,415423.0780623282
4856.870425616248,716310.5413606446
1334.864820664045,216156.5234945834
4408.804255800249,661288.2040307698
3994.6858375628376,595659.5133321304
3969.148300898234,600350.1245174003
4301.524526525995,637405.5515338423
3924.607959243495,580110.4489246709
3317.991447341369,463602.9989854031
1090.6019495707442,158631.20828905384
646.3678077106337,87355.80823362053
4643.815315170591,686252.677488607
3274.926415343321,499576.423553299
4084.4178093927935,625835.3104647292
2666.8505818064755,404671.47736381786
1027.8868503307751,174091.33135860576
1063.336064911477,171011.64825332884
3585.0437925303713,531855.4450834428
2436.3765270475824,356199.35334284976
1402.3612701515153,216610.63525806423
2712.175460336466,418301.6612485079
788.9402168381034,146297.91866634547
3118.8713086147945,491654.1571910211
1710.4703199579394,245741.08786354752
4089.0159528673466,611312.2673275567
1896.628815156082,297914.6783717677
2548.4906708681056,403633.55619139527
552.2924295864528,101623.25381206378
826.010995075515,122624.0926047003
2266.221003830082,314852.69752594194
2659.724756227056,378979.98590914655
3200.0924665368666,485466.5402669183
1812.4816041918646,278716.7522172666
3627.4184875694414,522139.18566672853
4370.550787351421,656474.0103204986
4009.329450020074,614023.9046424468
678.2847140676072,78718.1739599982
2662.2812626602304,421442.13343512284
972.1858028817869,138277.24746107153
1589.2025713813737,263532.6479587391
4939.981669702159,730328.2015398059
1141.2299430568096,150651.98180083785
2744.996690531102,402586.7637828309
3281.7008044315357,490352.15820318396
3661.092367448468,541394.2569818405
3018.4190756911134,448442.8329222048
543.9688133863265,88274.62500147277
1969.0758870979635,291937.79566876654
2829.7023952312015,423133.1114056401
895.39924615175,100125.35893871057
2077.8211904413133,319507.13888640644
649.4139895611495,95628.03248033907
853.6032371975933,160246.3451892964
2286.1547429071825,324131.9080909982
1097.2208931937716,128417.22740907547
3053.933817177012,470451.4424551526
3602.592361117696,547319.3945339144
4102.640145990873,595227.3614880079
1400.6760991016454,179506.43576516496
1253.671620165814,218798.67763855789
970.5552815048011,173865.5000378558
3363.9361229463652,454841.2832678322
3679.1407691910554,542706.6547935283
642.1376517153892,129604.48885298637
4712.955108096604,697422.0150589333
733.8707764316258,100268.37178421082
2935.833508854817,434719.83977563516
3690.772337529124,531197.9111540053
4419.361056857386,628808.6436440471
3713.3911945959253,578059.6254040838
4107.776373814064,579307.717947156
2027.5258664426274,309074.3090085692
4166.713011859305,642738.5416340487
860.5168087310382,100052.99533163256
4526.674952272375,660515.8747889547
2964.165692691813,468888.43767160375
4177.839964831222,637333.8291292241
2535.4322803323507,367969.12791227485
3396.0996283843624,533459.9243248778
2868.8119742125095,454452.51060096244
3792.1528478989935,574203.9810451632
867.3349191376531,112097.0333131747
771.5843779575371,107468.68262419465
1611.964553045659,247522.41783595664
1217.9510605093474,178920.76249345235
4423.026049664908,682233.0510144331
1486.4629431111994,192373.9598644932
4891.393651186091,703823.7770965889
2016.031062969981,306022.0816751458
1319.530620599147,188098.70481373396
4053.6432821411563,595505.5200272186
3464.1849897539423,484266.6140796034
2741.880724039125,411673.0255018324
2999.1359792193407,448815.29472288577
3736.4080022251874,573530.7799728129
1528.0463359908442,230585.07306104607
4983.502622255339,744873.311773491
4886.569229660524,756525.3971848853
3426.465588561216,487720.49221521145
1397.9410291811532,220418.9387541245
3561.027090940811,500731.1203452146
824.8928404062913,106966.68846092754
637.9362599261273,71437.29633645283
1659.5729983004617,264574.80045410764
2581.8033053269232,385962.2911271306
4407.226274337712,660813.8762587974
3772.260813948386,543704.4623376689
3842.179345399915,570333.0318913294
2414.720005016339,346938.6946862687
2056.707466461333,316175.22026628425
2169.6744334307123,305629.3423079746
4944.42303681226,768259.3428259405
680.4913613561712,68562.09521094378
4401.641732551018,644115.8632335216
3104.03933857577,499149.9109856875
2473.7693863531567,362362.6329937328
3763.6594718681145,538251.347492129
2690.0102364111626,407882.96671242773
4430.404571367473,655052.8408608302
4553.158388050663,666256.3530952334
2397.7441709305494,337744.20942360803
1745.7250875577322,317226.2352461787
3165.57647867013,469805.43379683676
4605.635055275109,652333.9110846089
1447.9798505254996,247071.17275893563
3303.3496260356724,507723.8620075623
3342.0209904163426,485973.8199420556
3799.0086008687645,551188.9083565918
1092.0545830726692,177277.64338406498
3721.2123410693985,553243.4846106207
4590.646342995385,650077.3950804058
1308.573989916089,232030.89777950672
1568.9449621574495,226661.9350792983
4871.277923187378,760603.1232077553
1314.396287192704,222728.1422382199
4344.7329201631055,631689.7471348095
2715.2503540161565,427951.3503896865
1612.5398348142967,228852.12422487087
4418.374555726301,625422.1716228663
2503.873647511995,367089.0838063564
2816.678092683606,430454.46393806644
2116.550162298946,308227.7913849151
3168.2788314571735,469100.857900074
1235.8574266326025,208249.93489346263
2259.8669149329235,341109.91684574034
4862.355450508794,712487.35135062
1661.6004471550739,263280.6735466076
3455.3149904358147,522250.7599044571
1963.3552890111268,244071.19732242817
3980.629065589703,605661.4181138844
1088.9314732325743,171176.29513920817
4864.194702853451,730031.628019635
2542.052936226377,399141.9520553481
1562.2270850590878,220886.19107233314
830.735362985057,131340.30022417658
1263.9105728939335,158247.39851074296
2838.9827685020796,433989.22294328857
2016.5142939407883,341538.3380019162
4229.975146471743,614599.1449214106
2438.993856478127,350653.0358319635
1619.2142266443345,228681.8251388191
3277.152439718135,494172.83047375217
3680.4974759845063,530813.8959406016
1251.6885855542744,196178.23540696077
1254.2864732974294,205079.76990399772
665.0214212009433,110440.15744921718
3813.8090677953824,536703.0516565458
3487.120374298123,542971.4094478906
2635.8389408741623,414123.18941619794
4298.767020361387,661418.2805011341
4125.51568827524,626284.1982144025
3134.0946397853845,474517.9822519103
4407.220762309664,681730.9023089776
1426.285445165457,252413.08652688764
1003.6382872897755,131484.93382616932
1713.8732518264533,278643.49568986346
756.8908524019168,111809.28590013846
2890.262876004644,430945.9703601246
4714.7256153273265,676478.2284914582
677.0459330082934,95861.10176093612
1049.4946130451206,137478.89279739978
2534.8956272754585,370957.25550119986
4702.437578875572,683401.9091557729
1922.7024723953773,279427.2031130465
2782.556639097766,409261.28872419684
687.0778657267645,104996.77822779067
1167.5444043293999,142836.66340358337
4939.835553314811,712064.9700423152
4843.034133962205,733693.4055089412
522.2299142048432,62385.72478932451
4783.153034404575,738963.5509652849
3376.0397201697515,510911.3524657637
4405.6323253401,672980.091805143
2546.329350352366,410163.2489612728
2820.182128606626,416833.10305486247
2699.809611156141,393481.7075650956
3500.8891589574696,542567.4255555967
1128.430646403408,179454.86823910492
634.8811544270508,91485.5669676316
1885.6847371603592,310681.86991317273
3671.06343231491,546414.6286504379
1408.3405345532676,211906.55293410577
3530.445949962128,529991.3455110044
4864.604207482717,710998.7532244382
922.5532210523827,139934.69094758522
3526.7095320130684,556941.63334993
2496.87598687057,383430.76433810906
4406.640144698775,661617.2902327949
1297.1740525132366,191340.7622536721
3616.81678501774,549139.858320788
4271.518803416496,655723.1530822581
4750.763987633105,724799.3747627608
3574.6161273034063,529555.1218590714
2737.286438037923,417088.5975878907
3280.3125809054623,501645.68195878493
4410.072430154232,641366.9647725953
3067.7438598747335,463526.1898048839
636.7417686357659,52285.18756931764
4689.2691297814,713041.0436636338
3602.870379642025,553637.4180375573
3544.310235997609,546597.4579153706
1470.5381857897273,212679.79082506776
3464.9846160469574,525928.6291075243
2272.389825443713,369337.5507273803
3430.5483966867146,542857.6524688323
979.6686363859583,146366.84147336252
3460.303870713662,521831.97322164045
4997.361765967999,771822.4877898886
716.9541748725021,77527.08592563182
4897.283828995928,728131.0594958487
2331.0858232529176,376374.2825986728
4418.390526517666,682262.5898113452
4020.734678262231,610495.4772923327
3051.573174440005,427619.3280593883
3823.021441630969,572455.0115838222
4453.3200258560655,656199.6959534112
2318.6314474296487,354415.4951707916
1971.649227034574,279560.4503592885
3504.170235036131,505111.06735592755
4135.306738735664,578998.7052566768
3930.283106494771,613978.5596737497
4090.1614198638554,605528.8027507172
2460.1249166581983,372161.6531727804
4180.253972787597,626993.3335886559
1040.940749167738,134792.43371595073
2950.2009408238227,417348.84289460955
525.9139722415471,58780.79331628735
1960.6362345512164,279632.0664060946
2149.07690692129,329693.6609784696
2282.7771122416493,326502.21356583515
3629.60243010438,579370.1771475493
2248.5114557165557,357819.7390753464
2519.1213018013877,394035.3862635223
1568.9485889344735,232949.11029070802
2179.63306233203,357230.5740642142
1522.7133226841815,224046.88578020476
829.3816569579964,123782.02026061455
3215.5186702162005,485727.29132741544
3506.9575934975733,540080.0998355029
3287.706557043265,505894.1451365495
2585.723197102576,378355.9739964943
2209.0360108065343,320695.527232461
4385.001423073214,670548.2726040238
2835.8680331129813,439684.93664477183
2656.3184493337894,390580.74490361096
615.3892961289606,60564.63302577502
2035.6152243177037,301195.96172749065
2210.880284536357,344102.55865697074
2294.702514036052,380313.71403380344
3110.7756615229955,442657.1899816361
2901.211460270953,426650.2939840315
3235.572917570501,477547.8664050676
3941.9746769395774,618412.3083295666
4158.435824222421,623066.5436241904
3731.553843019225,541586.5452654385
4799.856631797206,731152.4004280173
582.0466220436274,79214.22290572518
1381.0009355759576,182662.39486923456
534.0329374016395,62249.47446472292
3413.6362136957136,546726.2711428094
4541.137470274942,688854.8049742305
1595.6703345933468,241505.75129805287
4671.6554515833795,695750.443021266
771.2032563030239,121523.46528782956
4704.962120624814,711349.037013772
2082.302092578355,318188.69045089977
956.3937280214743,145755.9610087762
2686.4229163384653,420339.40421688074
1655.4945547422858,248786.27013135748
1781.9280588286526,247730.4321132451
1882.8048421682895,270172.2685072261
4113.616540246985,577462.1071672535
2926.225745038645,479470.2040766446
1900.8846462020165,302387.7887693562
3246.5020248991327,470373.8938322852
3722.678034004371,552764.8081127136
1726.8080033009019,246283.6710110066
2360.970956864082,384996.58775709465
1048.487420016264,128875.569717021
1315.1720729060614,199565.3321122848
3565.0303428424227,532583.9945750665
1316.4725646303214,214007.6573087305
2863.2352265017707,427405.0994207717
3690.708177750947,518442.0491295334
980.9461539263473,142119.56639610327
3052.904988330066,438492.5038906434
1654.532526656137,249771.46992955176
4833.170938569109,753659.181515773
2675.9554102396614,366604.80665130366
4126.966473988212,603040.5163902336
2976.019439703178,435349.05687980674
695.3563978466863,96670.83776873873
3349.1811901731007,517179.69180807
4781.315039929957,713726.3676382657
3207.2531906584904,489404.03311318246
4186.349867420556,615437.0192384479
4478.929085067835,676437.849668534
1526.3589737701961,244509.7986830837
1454.20177958702,203484.27594331122
3249.4144498294627,503039.32987054967
2349.6281141301715,353491.67249407707
4279.375862900241,662815.5842446813
4550.104055291051,678487.2102921181
2090.3962068622313,321184.3241325767
1565.9175153851693,234075.5026742048
4012.3648185973784,599930.4775487952
1736.6271599666125,265672.6825595057
4201.764433311553,641000.8143812311
2406.8221414194327,336032.0229744348
3503.974546811617,554268.8541981002
929.9089122560068,102293.07602740504
3307.3669610445786,482408.8019619089
2532.954554317531,378057.8017323316
3139.7380842896337,479207.83202516404
1256.0639348518853,219933.04078261036
3815.9318522488197,535223.9480728208
4382.586848944528,647234.144773885
1475.3291004084904,178762.69530528825
930.7154998407277,140239.7644543141
606.3736372085137,96389.71727127768
3388.871751994697,540146.6776426296
3231.9231623995133,487201.16957779607
2960.138357213315,464901.25617084483
1543.7619325218893,243241.03150906457
2259.0769815748163,330156.58329611906
3175.1435083377787,448092.311314826
2735.4508648662622,415817.67569577554
4945.034840966993,711913.1858021417
1113.9788865052992,193000.97442918777
3628.150493214172,540981.3319413894
2319.4344564693147,371818.7167006255
2426.8982671652666,354430.451392142
3729.189945461793,564755.5075472888
3615.9626809596634,546581.3792906433
4960.651971659848,743196.9133887587
1077.7743025435634,153012.95511360266
968.4934222287485,153123.13370372268
3759.524677079335,545405.4362922362
3102.741126528841,441222.46240014496
1733.7229995191265,284914.9877944055
857.3871604504398,143151.43384540797
885.4621231839374,134137.15064963538
4523.858935988532,711881.6880491553
1363.402961234343,199155.13381065454
1955.1720295198434,319729.8688277561
1519.953810021446,231504.55320173336
2097.483376243718,294127.4914350299
812.4072923574201,158821.89768903004
2835.7690590872166,445179.57579556416
804.2565361649671,118218.05980455378
4101.604285200627,629784.0679707731
1551.7043685969486,224681.58660958413
2930.053615720298,456091.0230592355
4460.355894026562,621231.8127983052
3428.948160712374,493946.1974329642
2898.310039481009,454331.70080789056
1959.5018890191902,288932.17258850014
1998.5086087618906,303927.1372120585
3512.6912983918555,499967.9815164696
4973.6271254952535,783001.40873833
3478.2763543222036,545552.0460226841
3010.025378165112,447490.10235726024
3787.9272960766075,560095.1772742246
2593.4252552767316,409605.8755199036
770.6405417035335,155245.49025890857
3030.335671450594,473625.5558338162
4809.313780274211,764833.1203890637
1288.8632406094684,174882.4595101819
3605.0220086929958,524365.5646939735
1404.201598965754,186851.41748379616
2911.224580128866,445518.90001231944
935.0440234102383,143768.67450762313
2526.669213161833,375961.3595048352
3902.7349800286074,601595.4195667572
2064.0718590754195,334257.3509656062
3492.102760192481,493302.1658431353
4079.5248235537815,599989.2829750449
4672.300187657537,717247.9000310919
1555.889368349541,224028.6315752595
2296.9216211418866,328574.1216441199
1185.8720599868784,198251.55755103967
4966.175759712689,719136.3625624237
4671.504355659329,694694.0571930773
2929.807086262518,446043.9434554739
4289.149824693895,631896.0754258819
2844.31089772419,442309.747778892
3306.135596012419,484542.79989791545
901.0599445220748,163331.3815472296
3898.7168922356354,582292.6078854299
1074.7106763585566,174632.00418789056
4217.304336136378,647516.129480113
4019.1263945167366,590318.159122629
3689.351139843394,512332.94000339136
662.7217123614296,106623.37194749113
1864.0776017539788,281057.40720559424
1684.006564598793,263717.50524132146
2120.613833621836,313561.5255956186
894.3923604372735,125550.30008957672
4716.310203639782,747615.9907656013
2992.110083205693,419369.43125063844
1874.859397961106,295907.9192614507
2286.4168268342755,331470.4868614735
2512.4114322717605,370146.1424859556
3202.6745001227778,474059.1183669373
2820.55742463424,407014.9282117108
4637.263879464878,707014.0661244565
2736.335673076236,438263.22288043454
4964.711066704907,754106.9332306692
4331.412309852931,651779.4864021816
1438.2973146080112,196015.78720921677
4687.678465897623,713488.2752011325
1023.6487904846424,196674.31120728233
4178.523688210362,619164.6607556524
2212.80482064461,324401.0515096542
4450.884442002813,656410.883680802
4406.255105483527,651149.9811326406
4126.664300529295,564093.6540059466
4055.1369633817762,616371.2522243807
1871.0561259411836,263747.37536408525
864.1367737306348,97415.25368375922
2313.410804443227,362075.41966113506
1280.860317439289,170488.69191505463
3627.2799000610776,537318.6039314865
2057.448769420035,337946.1632367769
4890.245903869617,705352.5696199522
3384.3743480539943,477004.1875161439
4201.1625363546245,635560.5042444405
1096.3610273383179,187443.90138095507
4379.0651702268015,625372.941179381
4652.407357310274,706014.8983332847
2691.7786346852117,415386.7860020156
3228.1382198793985,443037.5233080634
3941.6441040634795,607216.6423676664
1286.7738226718566,210548.1909976221
2761.5473440854907,407996.3901477031
2293.983624975409,369144.4709922715
1158.682964730121,196531.55619601507
2153.9049003118917,325148.09356112784
806.775392234721,111987.40102870949
616.1535812726914,72966.47933924457
1108.2483011967024,165485.97499218152
4834.018002151282,736497.878716776
2972.882911527576,439448.89950832364
4846.19972518949,682979.9386731829
2446.240452485594,392310.34576437046
1903.1725988836681,289280.3542694481
2777.6383827810982,409053.26748362806
2477.802598848096,388813.5575956801
975.4910791778476,176816.43380633226
3383.718416105928,451519.5310261314
1472.1718212931983,229511.04619242117
3288.145797040233,464688.88533982803
3425.90491579169,523867.94750473235
1184.1118390789165,180175.3199093291
776.0733219980067,129125.528828512
4013.427137307979,592029.1183063039
2569.1019069619406,347900.4838079081
761.7370797746411,105253.1981410628
4976.898427263952,754671.7167923884
760.0125244836499,134309.72524605197
3627.658529863489,520712.1534700729
4926.555163685362,759524.4830902645
1576.3104689716652,223489.12455281935
1140.1221590923828,178267.32149574795
1046.23222740093,146736.95505282684
1864.73816405418,283354.13716236904
954.7061495479102,161043.475123592
3614.7260376235936,517668.62409776833
780.3130915852821,103448.84580285569
2792.3995766740536,422559.18824794976
4985.135842338395,795802.0495713663
4162.866212777084,607166.1376732261
3268.487472039549,531075.7985258708
1878.1412935397525,321809.6601044663
3307.531263312373,494183.4664828241
2871.686587602432,424789.93761636683
2417.3752275066718,348764.98015270696
1088.1966953308977,161865.45369298127
4489.7189685821,645323.4566361239
2524.0309196959515,377079.8576079807
1375.801303193443,236307.80095603355
2154.917078947803,311015.86059263605
2363.583886380172,349723.09687724477
4223.920530050935,599565.2700222954
3801.2647125263093,577670.9486415673
3961.8720213860292,599570.4369069318
549.6406899289125,83720.1506846523
2372.6929918089268,351567.4077668962
2666.0486823589563,394052.1439783944
586.3652457037551,97992.79152957672
1669.159439352654,249797.58387112565
3921.3042040496075,594495.0680385478
1116.9936757804958,171848.7077161653
2908.8955915366623,458802.88447241456
1468.4084240775687,233801.1455591364
554.5434858975198,87038.75974763178
1585.4065591979368,268179.42449273414
4891.431897095242,742120.1551454174
4106.9170034734525,642136.8042968262
4818.09489944465,734853.0870844303
2695.343197668631,367463.09807166376
993.8128940487658,175168.62937370143
2965.817700381618,447576.1798840961
2544.6980055198237,380665.605409958
4299.6068723282715,650567.9977990323
941.3716135291006,134306.07879022375
2697.0851165980016,409103.34469747916
1175.2189911229293,164445.32734157756
1961.0416710052698,319641.6958254779
3818.1068482450983,570444.2649643437
2642.081582159449,388660.5604694687
2191.4972831559617,310226.0761590088
2275.143253565159,346647.0038177467
2567.5104578269397,388868.7106765428
4032.574447266756,612654.6593635635
4514.381100231055,656612.1272845557
4799.006089267677,687827.2894139201
4041.065238148828,618671.6117724554
1919.3310308660573,317592.4918674388
3596.60617738944,518963.8541606181
2469.214058249264,402170.93440862355
1646.0177992072304,252580.8910558122
4283.922107416652,642447.0580214811
672.9185703304624,92986.81161865381
4557.928964609406,655998.984302911
2576.6485908113036,406251.85894018755
3367.406645637262,489598.86961683724
3467.092649926022,504467.7639741513
4528.029833179414,699043.0011746511
3365.013569752433,467092.3665294304
3262.7011314202778,458933.21349967836
799.9341825231048,119627.44250830408
2832.8360987534184,430791.1033931098
1175.7605036766874,186058.76851088158
3818.451959246685,566731.8240190777
2804.9986436570352,471357.1899213891
3561.02500643759,529595.8997903218
687.5280527107292,98513.48486455494
881.5640722061145,116294.87745463962
3723.45524628207,560996.423272732
824.3795119940302,135956.15144004
820.6552749436637,147169.85233221875
554.4881385569935,53387.53549474466
4804.256292347661,715718.537085035
3818.787617565531,581752.2148510125
2089.631338259289,325185.8514307841
1834.4101157944485,275292.49052525806
2073.664533856323,321898.15946909046
3985.9408903153185,581711.8556887818
3476.1677498168647,552583.2711188968
1333.3800554036056,219859.57037012943
1283.4920090033795,165625.24560920347
942.7804237102879,119915.00259420805
3471.3622386560214,499765.90079626505
3939.676979997812,604510.9464176024
1692.7089274625182,228211.78379102837
594.2523246391077,82517.36201170454
869.7725036439231,139559.96347492395
4855.370156802637,726982.2048294669
1829.5014986483911,279602.9751115128
3961.5041652716013,572909.570563765
3310.986059844187,508544.9964445729
2218.7283784380315,320545.0189161848
1425.5926798799978,207346.50849404084
1046.238881717329,161690.46681571906
3267.5583561749,492195.31785685197
3985.852012870046,598357.4023108188
3397.569140935088,494622.8347007281
2886.3595996212125,426962.951719198
688.7805054423632,103360.7476330952
4858.199499174727,701228.2202128673
4094.2138624455856,604881.4200405703
1817.6991651543412,280408.4723538081
4909.866482114828,710931.2402403173
3208.4671533634496,504401.7060364022
3120.901961932609,493527.55954188824
3866.3293074328944,555046.3845957324
4152.964046405619,650096.9996218457
3454.153732991762,515251.4281745216
1076.4308586479,169834.9199803261
2022.2037769752428,293397.54550372146
4676.376381467224,719917.3537646187
1510.7702532973335,234737.41837157335
2174.75160726881,309929.67595836945
2444.345973248882,343347.8559880265
2477.3224536250345,342392.3193395707
3258.2281212253647,492493.05371245986
4743.841269851184,723025.6187132724
1583.1172032462723,250486.8940625297
1046.7561933541313,154653.80711097215
1388.617204369718,185152.6515421704
4491.1620509417135,660032.8116807814
3406.148656948427,533969.2713215025
1786.5805515762206,258294.51144443144
4171.761225358778,628632.5364174462
4376.164983635463,634911.7378738216
4309.314524106251,653128.8395251184
4635.169401377995,686121.7189731178
1635.0845907801272,266196.94289253437
3897.688679358252,600124.4560278741
2572.4277377336302,375950.04172854655
4288.993488005277,640815.7426538382
3778.2080472272596,555708.8822832764
3994.013509248761,570713.3624564139
3452.728269564822,500760.39184377895
1298.429462613681,198728.76594646854
2952.6211350362223,449398.360220025
4931.013827860287,742623.0322508959
4718.246299237036,701702.2838063826
694.2818110865526,122803.6037774026
1241.666670782467,187520.8387085888
1092.7794805455287,177981.99864374826
3766.90959493383,529560.9365960241
4180.033984356252,548557.092621071
1460.8011483980235,224795.93281646515
2776.3371182832307,387955.2546680548
4283.1636260504,638225.5098532989
3797.606951448128,563599.1018967271
2940.0674247133175,472758.1257553083
3156.564607064478,481484.62211854383
2787.6224611232597,421460.5497044624
1838.9680309346925,292585.02773287735
3042.5989678655724,463759.7969166166
3599.983859225408,530844.0390240425
4429.9531213736345,685922.4868111364
3363.3110929066165,482301.661378227
3925.046916694211,595221.9812548029
1220.3223572955785,152096.95771161056
2577.0086348890545,390630.1723836781
541.9922892219198,85158.63621874656
1610.0548903473036,275037.3327903888
3769.077718008522,534062.1798324428
4963.144781072136,732453.9736437441
946.3014481424716,158398.86575285363
2306.724421375797,352715.00833431573
4100.319359146218,618654.0048986827
1418.1603558300449,193601.33931533596
2997.8822718602883,437865.9738172146
3798.8208321335364,594723.9449844955
3271.934526170806,489759.9950505423
1346.1113057693726,209423.88978829538
2099.2305590858277,312580.81728734454
4027.0630301842875,580397.7442226479
2994.019313594075,467779.1055606112
523.5332609431073,88594.63683211603
3924.4584201264224,634781.4997663072
658.9010972310758,78523.53699165047
3855.8020222905448,594821.7617675913
1411.1625207435684,185443.49879079522
4811.330660537211,724846.5304340433
2155.7333808593803,342890.1389101703
1971.192273521356,254236.13870627363
1169.996226496001,171400.784489568
1875.2189697059669,270018.6507750426
4444.928428226903,652700.1182681329
4983.504519322613,755229.9309435791
2157.3928872808174,346022.6472205745
2518.7478392954417,375146.60158973315
3749.3192219123166,566507.6118380479
4487.881012092836,675468.3268751103
3168.6995038405285,475340.99570320756
2261.865641800232,317492.99351579265
2356.798283818807,375688.6346072789
3630.2816592356307,550446.1562485213
514.4821862192541,85069.95773293967
3288.152018569283,477092.6102048808
2099.7185469861083,305773.3740881315
4073.887990746879,607560.5146578163
918.4578792040948,107086.18801163719
3146.910201267757,438275.84368621
2664.378004487557,387641.7420603622
3390.4648665735235,519020.14531487634
791.8411751733576,105713.42847740481
3109.927043426591,446112.95256217435
3026.6806458178567,437708.3838079251
3022.9704248727694,444338.71526800917
3215.6944996840466,475276.99569620495
3544.10571751863,574926.2866719256
4122.450498563464,639459.987354266
1714.1932405769646,277624.46833217924
4212.72234581028,655279.9591570096
2742.1505701855413,391346.16814115015
846.7622561044902,102567.04611592877
763.4791815979064,92384.47140900482
2004.0724341322737,327300.9877865978
4032.036397001604,593861.6237725909
3684.564206334121,527657.5073053325
4048.767341025829,598695.177149478
2827.7107539872422,419384.5024637938
2480.8954907997077,377502.5890938474
1163.5363701782778,179549.47594098255
1976.867391241902,279966.4974088151
2453.0871477824385,381676.20001763996
898.7019335582775,122021.41935873847
1492.7537872004507,220787.54134596675
3192.013823286825,492537.5549030909
3810.4840140763545,558736.1740325664
4992.563801268273,737497.5417186182
4699.009991046009,716684.859650764
3391.543397908362,491576.84615415387
2395.6162398233237,351646.5955014172
3362.7981411870473,515534.56473891495
4035.432281361044,646396.691032876
1032.512859155243,166985.01896854138
2344.572003633297,361138.59580479475
4279.110285360277,652482.5744774961
2227.2482836986983,312623.43707346375
3073.4252205223393,463325.71785194904
3144.962123879892,471148.98881525575
1330.143139101377,205953.1616726617
2130.059487435298,321839.08416481205
2005.3007993386946,308389.11344914645
617.8851883942916,86453.43436115971
608.8629375110986,92501.61897410064
4242.636696540981,611838.9331600072
1728.8186448776557,252924.65117159009
2831.3544480746696,452519.83817473333
1844.2650811494786,283015.92896498693
4733.056603019032,709540.0697051933
1666.8354148959818,287947.7777594842
2433.4556573252075,337801.6490327596
4427.286127180709,641903.8079681819
4288.701050563139,677559.3858099963
1337.4563803082478,201537.67576721584
4111.894894080697,611932.5733863086
2561.840990320517,360292.0620461647
2673.3599243840986,409957.913985515
1100.6598758717469,175988.17877131127
862.7068119070609,107516.13456936121
3775.7268813819433,563553.5204962828
2734.0751855988487,403400.96119916596
2465.828161768308,374993.7671936216
3782.787028935785,545033.0494959549
3944.808045459994,616760.1559092622
1215.086754512091,200579.48880876572
3246.013172649386,479638.4647227516
1109.093370249585,162035.63130467033
3881.1878871307053,579449.7400640536
3456.2982032021278,502878.5594201891
4804.7657948755605,711846.2808666334
810.3110736038952,116141.2536870921
756.7462451806445,145769.30419123924
1769.8418361194006,284408.64158451883
1677.6755768115768,270344.430668469
1611.4045958239992,249109.20163368768
4578.145612344665,664375.3016730751
1622.9578993227774,242613.862806869
1723.7737675788394,277975.8343290935
3917.292180880837,562428.5345447797
2523.82929102743,391305.45779157977
3995.1975062983156,645731.8104500027
794.1477090397336,140358.4892757547
2694.0703715302293,432391.1384407742
651.2612008247718,102055.95513255897
781.9394155490954,136649.5513076641
4578.968540049849,672488.2167203968
1126.6041700291782,184907.90175120128
2895.893070238477,447471.72321698675
2349.9302117031793,358287.75523623015
2063.044968164792,335776.8936190888
4549.250055592726,671611.8115819611
598.2052854897028,85989.64249398216
3487.0535877901507,524967.2789956885
4835.274953960977,704699.0236723585
3020.756825578289,457652.1627127483
4715.701079148913,672976.5536132599
735.160456787107,131213.15920663023
2384.569935833726,358618.2377063782
1670.7100593292303,240188.65082130927
3788.694342413284,551616.6791160902
4915.83690723761,732683.9554932577
1654.3852809991151,261922.98636531556
3443.785706633335,527522.6355697514
1391.4393474188305,194605.14316725536
3043.9861455722444,439677.12838328397
2587.696190097513,401292.4026410199
4874.023983341916,716656.6494089869
3238.3727271340995,486954.10455170495
2072.7786743906845,313391.8940090882
1013.4310319957002,158255.8974338898
1180.6107293072055,194257.01799971826
1513.9261847805578,201829.66897973724
1629.349976031341,206179.30989949137
4327.77226028512,637816.893418201
3025.5025472713623,489855.95024734805
2855.259101184649,468732.3471794449
1016.4599234114786,189092.53122303952
4370.628620072457,651734.6656556549
3752.6643644381766,527257.3530260299
804.5076285500071,73815.36224946423
3685.257937533959,540507.9273991057
2945.921978041907,437926.8241032989
867.7640558605021,156177.1164001945
2562.352886878954,401709.042222692
2681.1332920852115,406718.09539261414
1245.985430734741,169100.91919138833
4755.64166150127,694130.6580602928
4324.889171662979,653815.9294908755
3510.6005179809877,540531.0972739428
2580.3300245027326,394887.1289203216
2352.944937130288,332249.7813774101
3429.380602179294,527420.4429027358
2954.443412331075,451684.7311916895
780.2289764684853,95621.01834646922
2806.2619194664926,405252.8685139688
4128.816277547778,633092.361123398
2566.579449186311,380296.76667502883
733.8045989942078,141853.63588186033
4038.251897228149,615760.3701055138
1406.1370196118846,201187.9291779973
1663.7937569961746,249364.95154160753
1241.1785904453316,187444.4564195541
1985.967791921739,283327.36252342665
3905.3817755988575,567555.5023762761
2837.236367767718,439613.2530413477
1421.9657336782066,230200.3259925729
4450.235351684183,679610.9321436867
4458.118347281881,699024.1139787582
4417.602912707031,651804.9721858226
1574.5829512169269,269672.8580039616
2530.5770488144462,361568.13495108386
4932.453452633938,719614.3066277208
3974.0561433949565,560909.2438662584
622.2533955150192,84422.10305071654
793.4206606722142,108938.65236424305
2587.6911956554973,398672.4249534176
4591.4909263770205,693601.457788962
2924.158090787214,414764.2461976994
2740.156286154306,403168.9181546296
974.6316498048377,138765.50704897195
3455.5104712593234,482806.92574966064
4199.4642227010145,610300.6988648848
2211.8900337840305,316367.2324553228
3990.253329163974,627210.499771015
4840.144942553652,729850.7557021949
1416.949066074601,225785.73499014013
2854.983340376336,398274.7911134662
1792.1208113805899,292702.4113673683
4067.8448856522773,636198.7741083234
3099.1701464652087,424908.6226268888
3355.620878976367,489236.7973681381
4090.6137182715233,623507.3692010387
2281.867126981047,355167.83811792074
4617.905307831695,679115.9015650097
2898.62990260763,428684.4961300714
1210.7967027590662,169671.88419295708
3631.546031759611,546940.265702864
4069.676076972145,634394.98217506
1925.42754680387,273393.28887775645
4357.306656494388,673612.4084295265
4577.644646445949,671013.2555199546
1746.0701932001402,244957.98473008335
4925.8466272185,755248.8864496392
1133.201876219413,188419.00899306426
1409.0705078112048,228388.77490693383
1329.0117765711175,173035.8183213048
4522.953695035417,669124.0346938715
3444.3164854623283,533107.2446594157
1184.469274500228,178501.2279863121
2481.45538265757,350744.4504746863
3268.8411128141092,499492.5257046252
875.5883824522248,117042.1121880043
4470.8736578330245,706521.5456427978
4116.2159094869085,648329.2156714014
2773.430481094872,428096.5206913421
4852.069768666267,755030.5993953355
2379.9244067379486,358284.48801315995
4928.49643566424,754583.2152371363
3505.639994616322,555400.4050984898
3356.0207296427366,508313.08308229677
1246.7970288310325,181915.8108943692
4468.674912370898,636208.7976920924
2423.703595642768,361892.86883198534
1230.0503260211572,200976.0125944198
556.7338398909156,102422.74453498994
3018.9005763727214,462922.3877702764
2873.2982995520433,420168.7630335617
3737.0913006612136,521027.26372023026
4506.161238580109,666019.8838269217
857.3296308936328,122512.54721296589
3791.7342065316307,562501.5516359443
1343.35374843912,213874.1894054265
4361.796739207238,693983.0391013825
4185.785812377453,630338.4558934398
2933.5718974349497,435701.1488321132
3696.0925938049018,549229.4528106535
1914.5755093268679,289674.02173718443
2620.255545197666,376472.4565726819
4197.366039697123,632008.8771294896
2566.6933872794625,394020.2548185554
2110.092193964488,320707.55036616296
2723.9560126263495,417744.2405740481
4227.121635967483,642743.1975820932
2008.4362131689272,265827.4983304102
1281.927169110847,205026.4785345351
3704.0630914885132,542189.1668100279
4216.901957186368,610618.510317876
952.8686533559,120841.26144628509
1579.4335074017513,245585.85831971327
1138.8739539244725,166379.5945441738
2065.73635211975,276221.0771382543
2526.579405074357,388547.66706499923
3869.718516334879,551665.6148342553
3430.1641319675336,517321.0469654943
3294.17855365294,498896.76156140206
2085.687259743445,330564.63059541764
4286.513988881419,678610.7940615499
2620.7922532917405,365825.31147575023
4905.972221068196,734846.3560389684
3353.6396223308157,497519.237448738
1068.1913370402622,168903.69427525857
3542.799029339453,535733.2298195903
1962.9680694426454,287394.2855616644
3588.4723850874384,529452.8139908987
813.3851667308259,99678.75790594293
1286.9664672918173,212802.2017419028
4350.817665076038,661806.7333933963
1522.308006605817,246701.5649467753
4266.68506359323,633794.8368094742
1756.742398044847,250374.6503328384
3392.9685952641844,487378.98795704305
3623.6775807942395,550729.9887939491
2806.946389152738,400246.093882346
1873.8980451352909,318057.96814962465
1456.8996936699325,192382.10242862106
649.352095530918,102876.01671388773
1867.758805583257,311500.9149817643
3439.2325573907738,527866.6787938923
4722.371683018172,711869.2267025614
4420.420170183734,643693.3525883221
3947.2914944088616,564458.3403899751
4048.013044639844,622602.9588743283
3492.4320656419786,553987.7546617957
1671.2908590470136,241916.62904748862
4582.3776381762345,664575.4155741083
3518.295403576253,478580.92192545766
3021.98283941198,433682.12903854623
999.4526114606649,147644.75486911894
2511.7499471289148,408744.9568860719
2571.6122204086682,399204.50690595957
4390.536242852015,664682.1445219372
2959.916990845048,435985.1554007346
2211.8024703668434,320107.0562099074
4895.601478297967,762453.1736948544
998.2426699684206,153751.17131043086
2401.4679274037508,318168.17527214217
689.1110382713238,89895.86278275371
3829.5685434511865,557270.9608822454
4631.344484896178,683776.3925508774
1760.1679829772024,275283.41065228207
4362.537545596044,652231.7342035216
1814.9820370785399,270709.9974217077
4598.465727397618,716039.3223361474
3892.828566185528,569995.0631320954
4122.080495786474,655596.064885718
581.0295002020453,73728.27320288506
4832.6466068331165,726680.954957219
3770.0194643164546,559878.8477394128
1871.3799292376,283175.37205565925
4232.275991864812,643733.2386811842
1766.8453928671847,273703.51373185526
4427.392278047576,649046.4950947248
1006.6117568537165,128533.46997910607
3666.586898573581,600051.4706041514
2933.1431449020965,430291.7849433034
934.4051158794837,154145.01615536227
1588.5222271647754,206125.50786425237
555.8181632479166,77780.47008909396
2609.4558445902762,388874.3890088926
1855.6936734200017,287810.3524115569
3192.6086793399145,424442.2190811484
1837.5701346887774,278958.3324648833
1849.636001781431,254450.57115985683
3844.3693942922155,583142.3233677307
716.6427619025906,86769.83034862533
4563.0274783639425,667344.4678360798
4335.187434760317,644805.5630061822
3505.121074518829,504721.57178576046
3169.4970654832296,465913.87088777736
4515.361241628435,653436.670873399
1333.985807879215,163434.4621479077
855.3612298587287,148663.32552739652
1577.7957645929214,210748.39083245967
4075.602254150856,607766.7203704687
656.016200269175,113460.25167025195
3122.6307578757032,456095.73163103464
4979.468822860895,730417.0054342235
4350.632422268927,657119.6251136875
2846.5056006961527,449334.5165589659
786.3840917898906,94571.30846675421
4241.180814735694,633174.1655700053
3195.4032867974474,444660.60112027056
1017.1984867680508,144715.7529415638
922.357781705103,139037.76094652695
4593.320687464666,671905.6102845985
3511.4011832213528,517570.34080669825
4231.7905969254,606604.0541726609
4455.405051270203,669852.3299181603
3072.97558421745,482060.2226102805
2828.5085828976858,402333.4100392436
2436.923346444456,353085.0666356208
1926.2596450600367,298989.8716880891
2455.6818238642027,392594.0879660851
3982.458450785704,567504.9713736769
3208.655439568092,477922.6211868948
4516.354804796807,683115.8371659116
2495.210064706345,372240.3818933748
3231.903104234393,435249.62429761724
3340.883988913949,511154.39852326777
3162.6372303784647,504782.31157858256
3661.8519788848234,551611.0318561136
1568.4506076866282,214645.47008710896
2805.636998956058,410583.00491612306
969.0116126375644,180750.0032487465
2230.3009744016563,352744.3969774596
2694.50180879569,416975.80368704005
3435.0091679546263,522379.6268638815
4777.389736637916,703385.718251868
3202.9297994676012,476428.0463070248
3846.172622794519,575367.4387056076
2778.1972677284125,427721.07648055075
3353.4681411934907,533198.5990643617
819.1949726019805,145246.00862615963
1644.7621137883114,218326.6299523259
2128.338919423124,323730.73729148955
2626.2200975293113,408668.2815327546
705.4193547607268,118190.10981700174
1130.1084389899297,156931.59058074106
1745.664385060876,320131.84207449865
4871.897109054728,705242.8751115869
1991.0615319637284,276995.46086123824
2669.184761504371,405049.6158508872
1382.4397073227683,249702.0171976923
3248.510319840957,470552.65096206014
1763.0744698218843,259144.60316034278
1431.4666029729206,236265.86390625194
2824.576828006906,423329.28110328125
524.7760962218937,72024.33734267813
534.4881469215139,91485.8800759615
1485.80964095836,228321.80594834586
665.2461312536951,120395.69540079011
986.1158935881112,173746.76181952396
2024.8729220243822,309870.99950376456
4111.6355581091575,622579.9882239398
3074.2188951618537,465415.0539200007
2807.0047668038737,430833.32615356677
1820.6997044365473,274208.3684229114
4692.891737447674,703921.5909707054
2286.567685567363,366917.6952516493
891.9174505809717,164109.94119424664
3276.7993225301057,461368.83948684746
1012.2727706447064,152041.33863151734
2053.504142607614,294251.7327222374
2783.35372423014,411283.62930479954
4434.001361083291,673150.5283572001
2720.959611530534,421532.7091604295
3660.1644471424893,546782.1381991465
4967.675775495816,706884.5596299164
1091.7010395409175,144454.24431961402
1736.291864837838,278373.773129679
2275.592340189409,286530.32258771267
2398.226803424741,383482.56354735116
2349.594838694956,362863.82561713416
4584.249511504497,713960.948356275
3713.146900100854,553000.6512775089
3235.573463408167,444107.91103076696
1892.1772303825194,292433.8373875079
4207.056728995826,656551.5718301408
4797.77230168245,738160.281362636
4195.392271476019,616055.0110516422
507.04297336162807,77791.66751349714
3363.806165825332,493914.1994982013
730.1092164894533,93131.05318963055
1659.2324915017484,267992.6451488593
767.8611515649726,91228.52650944266
3217.079538272245,464685.6021292045
3589.6546107167305,516367.67893806193
1015.1943712965731,122474.20522850503
2227.274973702408,337019.5318922133
2553.064290299939,406189.7045146303
2160.7385979241244,320413.2545637134
1044.6125021833686,126576.91931622196
2385.2650558436394,374588.64917138644
3880.3012151378816,615759.2173513818
819.5344903996496,110005.32707701554
860.8100633685656,119550.42417093046
2096.470813261929,324783.83459095727
4737.765702285163,743102.3302984755
3508.576910253113,515889.8536234624
3554.0148050265416,506453.2251340172
2128.6399587703927,331924.36594100704
3171.4735604384227,491702.3955286094
545.5903281248452,81961.17822743132
3362.43220884294,493202.16613329196
4609.791264093065,711356.2642338007
3256.580607551686,499047.8112237122
4431.6436705985525,649377.8402517131
3757.878749597422,564663.7070657267
1042.512873816606,129342.78043199796
4561.039882786288,697873.7915467016
798.9972996009869,114604.92355249093
2902.853626464937,426713.8273220458
1139.6170570705594,170285.06885753523
552.6797482890682,83708.11622996519
2399.1541705743757,377771.7268174676
1827.683184443703,285974.28829305986
2687.002222089214,399922.147737526
3097.3994903054786,479883.2865402017
696.8258253902632,112538.61888237174
1053.5148280568553,149495.23148280755
3013.890784026914,449589.2544393074
2044.253089276962,303673.50561468187
3781.280693972516,577297.3309593614
3435.3124186637283,507956.4105051264
4305.219633454581,637974.7612897544
3616.217720011514,581807.8041904062
2434.6898482556667,383998.1868732921
3528.349800774946,514040.4568277391
1739.2152841493835,272301.1125012515
1878.410744501957,284128.6129883971
4050.43321964357,615396.0064517374
2508.8878238071197,379080.0000623701
4092.711532332586,637699.5827595926
4200.9006815072535,637047.5091191169
4359.030519475777,652612.8039570807
4624.858561285433,714572.5957324753
2439.433492309833,370580.7246682324
1934.9006824451249,292664.67395334993
3119.8943596735126,474264.6060007492
2170.2759054693242,323669.2053530713
3204.8337506010485,480909.60245006665
3675.136381897211,539536.5655093442
3597.822583214616,524650.0430897148
2185.487991590546,307851.79100893304
1250.8709076443877,159790.97041071663
2437.382023079934,348012.95623429894
1141.6736483685893,167765.7065659499
4505.436658327138,677877.8503979834
2056.4485733203583,303041.35473510093
1195.068862504957,132146.25957319638
614.5149195758789,123668.96509162869
3406.2007382891793,532659.7132011845
3366.0604285463446,513824.26130629424
2032.7187496158126,343057.6258934373
822.7034998144295,103858.24262249022
2343.330027028544,389252.00646680174
1900.478727785271,265767.5276327797
3547.042878807542,536831.1903269584
3226.0066225371065,458424.2468778819
2140.6717768889303,321394.6484442268
1480.5164941474554,229800.8040820861
4946.161847700163,738830.4705323334
2543.007295382517,395728.6431891803
3597.234061011067,541565.3981414052
1132.4883541026234,159424.95854784333
2685.15364846729,391436.78091404674
623.9152394125947,109805.56136420314
2774.5480305970245,403107.3639934143
4838.0783320296605,744019.8092141477
2228.930208436101,358793.76712205383
675.4820565871021,67948.03124114271
639.3010591370459,118553.68661657756
2245.940419760913,378099.5169330309
1220.1122140843731,188056.90733669454
605.0844334768366,102744.34872742194
3902.9612627757956,606184.2959037524
2563.353539968508,378993.38469169574
1801.6014738769454,273885.8255522992
4550.374323574163,656272.1579436623
1022.6253209023653,156166.4987059638
4801.634730298936,730207.4494577312
1912.8502281980877,297250.79468824255
4497.816525389066,695980.9732803114
3213.242944157577,466490.39806092595
4220.183118836694,622375.3326920342
4928.05923444709,777119.0320868905
1797.8244701843557,266667.10305237916
4825.109684334168,727767.1283963718
2252.6685270608914,336560.0782246293
2234.8035713161507,318786.9191713222
2031.7419691452756,337231.8795896275
2936.3342330641335,429896.1067212079
1193.6526943031918,156502.19367134018
2991.7016841110503,439740.4470706025
2937.671655845018,400616.62834224204
3928.558156721915,576257.9742086236
4251.424828719135,618351.1523508237
2481.986076405908,384646.4840794327
1860.4996220817218,265606.65852106083
1667.007037926925,267807.13440061576
1375.8072651719237,234340.769637175
759.414119895612,129535.62471009378
2041.01590475621,301844.61993622995
1716.1146145885245,260239.48212239053
4848.878236398833,696832.0366569437
3009.6897181251975,448777.87026835483
2062.746675637284,292203.23198425595
3112.104204471632,480702.1582937308
1126.3851560556297,220412.82119323395
2498.196871409913,384725.9634309631
3318.054446394787,457885.36398012476
2700.040243066031,397781.4326016172
2308.0046029444593,348650.508949158
4972.317750048642,747594.8110125016
4461.416429670171,654596.2019383507
3305.3268117174803,500704.85661036073
3062.1981253202725,434479.7020596531
3292.9721592106284,475047.64942789293
1405.9044852009497,223801.62561221668
2278.1198446894336,321404.7120858185
677.567898009047,112399.4168112022
2639.95716869072,368604.29981048685
2943.6106278094844,476838.11184725736
1524.873812464443,213245.67342158535
4838.129812244812,721246.1404006529
4592.545749217589,695494.1276044465
3749.6445595515765,551139.6848827146
2900.239829444132,437904.09363804583
4414.861218414582,673736.3172525899
1087.9355472055831,182402.59673090716
4057.2940742369824,624424.0598550065
1061.6936628508174,155817.84015156914
4073.9479814723245,608159.5617399766
1740.9540571311063,308125.2797301666
4446.907614581851,686033.9235522635
4748.18942221429,693791.9402057393
1169.5818623230202,177437.04262376408
2582.040222794271,380603.17064357677
4914.443201732083,734459.7955813502
2675.3334618791596,376710.1161277122
4385.963851315453,649656.1130095989
3149.2918495909394,508624.89290251915
2188.984585638208,339929.21386324125
1786.025999866416,218080.67181693317
1414.5039098873926,236510.05633306783
3928.0918611996376,611006.3696381288
2239.432280703625,328729.13601941545
2800.73957990338,434456.20786117134
2715.464660005319,390131.7147844538
3097.7556315490906,455258.23040703643
4395.097155310485,689235.5005099698
4913.327046125432,731564.4561214207
2334.1289385821765,312724.70754822664
4223.835149478364,632309.2079661278
3940.3750759462296,589484.4935336474
3080.88028155008,486099.41361998115
4802.212146253699,720618.5503815701
1402.1353198778124,201888.65175286602
991.6889463932964,169654.46486361857
4342.8288512993995,653840.1323449321
2476.174174851867,356425.67259646574
4311.359843931772,669803.9278005982
4518.905923379367,681709.123797241
781.0591712858215,117217.39502646199
4475.591433437274,674896.8828438241
2517.4357491623996,356201.994946028
2796.946200519045,408988.85455429
3319.666299919446,498021.5970245726
4668.721730285391,696414.985642315
586.0224249339382,113351.93139642265
2645.795607430177,401217.45816906664
3594.749190937523,556310.4570933564
3752.1813096420283,563015.1035378212
3616.395941916986,563585.1609624703
1104.9580823365484,173694.26748194534
1847.2801476725656,277360.4318586541
2114.2198643765605,316867.3178773037
4119.967434557772,598906.3426578466
1754.4194258654886,273301.2282825495
1448.172337402414,216421.75591963454
4808.516085671433,711237.5736470908
539.88478301061,103111.95286783294
4990.193850568902,723524.7570674394
3545.6958448582805,523404.45882009336
4228.111847521027,654771.1521037447
1825.7872835578692,280178.55135208543
564.4187495017699,83705.63387221034
3820.412833526885,578081.9958920357
4253.650686503041,641635.8863964329
3832.142593790836,544488.138142907
1142.8262928537738,164438.70622110684
3890.425650156361,615894.280613729
3960.1525194843844,580836.3952271143
3463.432320515247,513148.82779520034
3947.521697580138,581295.839370837
4306.646478549795,644256.6673161065
3261.218514068563,477520.32048379845
898.7212128635558,144543.01197269457
2694.325143502449,408095.0397711727
849.4220060222228,142884.2532054738
2333.9436396459387,329072.72262311156
2331.9792010653246,342990.0705021406
797.044298631087,115042.19216242035
2069.692402862657,319566.7986311705
999.4914445609168,134059.2927399968
4137.0584450415,638871.8428413919
4764.596116840118,738417.7293363699
825.4241386607237,104036.17384639688
4798.018432812656,709885.3070240271
2851.594697015353,417100.5743864611
1848.0455507924326,329854.55671241484
845.8793387427359,118283.89870725265
2752.80920631688,446473.8897906547
4075.319950208369,585965.3526291231
3681.8891477001416,532490.352831734
726.017051587882,95170.46710121828
828.0582591555658,107294.95264440442
2312.929771846867,341581.49109386007
1828.8072232157447,260145.51942793172
1545.7294537522152,215472.58620814083
1764.5202450892111,287847.47669284826
4115.672344835981,641826.7241756605
4681.526241343343,721214.8661690077
2322.962125374049,358924.2979177939
4577.499509596237,688479.7877550265
1946.7306556154688,282068.9845290021
2643.9664385470624,377531.8156869575
1517.1304901719986,234829.48759445353
3382.142189791298,483848.72061775875
4905.41501828664,715933.8341594881
3215.7189321952037,505416.10495337675
2110.16337851097,354537.4876110872
3415.1785069573775,520142.67880693625
1053.143053094244,180100.60101002947
4498.965861194294,669927.9128302645
2763.877778509264,387828.1830546359
2522.0738391783893,390554.50824913004
3136.3915480408364,481844.51867152675
3311.527382552311,498162.47846045153
822.9911280193087,118601.16004079407
3571.777495505311,555010.8358974186
1588.692561419883,218589.22354443299
3712.786846279654,541442.4153641349
4201.406574728886,610048.8560741243
4117.813283986341,619371.4518506677
2986.254353335501,426180.29275813996
2840.7645153983804,412429.83369945217
1142.9418260273528,157326.16265955896
3989.05767681411,593146.4848754373
1721.3422120102146,228453.84287345264
2735.1294026807595,412013.51024285925
1779.2334181738252,291831.08573936735
1102.227633498619,168043.9724711281
3333.0096360128146,530777.8682979486
744.4941567030672,138354.08722299858
3868.9035535679,595890.233980142
1929.140578675025,290864.80365399143
500.60611852018394,75540.92554293638
2800.0811265675343,435288.16443239537
710.8335883742141,98791.62606605145
1742.7630101940476,223764.03649975787
3681.394193550723,562049.2101146677
782.1032972983965,94694.12199606004
4277.02321560201,622310.6577764938
517.189651963624,77582.92675445936
1610.7074114085601,239703.61416021464
3834.0682526843216,546868.7257763357
1923.2156737818805,291792.1823499449
958.5157462970609,163100.15516178013
2121.0526346019255,295591.0637849732
1716.769788730365,282965.13492652995
4292.203559722497,612627.1174557756
1910.065629133144,328856.32725739066
4050.1961229920325,599304.2098391352
4513.424651648306,679926.0376837837
2452.178388094383,329986.0867644441
4594.744147344763,687968.9007723284
2197.931242834368,334259.32997951895
4838.352874205487,724029.6890488331
901.8028603650782,124008.80751371427
3591.5866992645924,519806.7145191326
2722.163182056179,430935.00969917304
2244.4196245504118,337279.08638252073
3347.203454368704,532895.5656856411
3667.3569123544903,539573.889757275
519.6347134263909,69249.31314651431
1251.2888993623942,204005.21979628238
3708.707227854434,523846.5849380939
3498.734361101929,500540.8869622309
4847.213773079047,749031.7653889203
3924.6700561285234,565261.8298348146
4778.4771847910215,680390.5574126022
3661.432256906631,586585.3822974565
1841.2349388774942,248308.88787414003
974.1421501288542,149803.71048589153
4018.20738505221,604112.811612317
3398.6714966416216,453588.15816388157
716.837055769833,102179.21790211878
2120.2270965544026,327002.32947274257
4805.599169679288,727926.0630822704
2751.8051556959053,430841.18703045585
2447.281112088671,359342.34051519196
2559.6482232168228,398197.3223243666
1439.972258023237,202209.25734188408
2159.182268891578,295667.9920054812
2164.1596519422947,298669.3802777195
735.5975908436258,81097.42952263556
3954.0543283306324,613299.8686074187
2374.2699435674554,325849.0213539472
4199.809490673904,635452.2004140718
4326.566005039529,643666.4168744808
1453.9732461439612,216043.01545258155
3458.0906697655787,545985.7463688308
2625.268118733418,385021.6704657072
4460.705320646683,681337.8293279961
1470.8330562940437,221376.22547172877
3550.159401395199,529483.5320966259
3234.8845501372516,531232.0650083172
1828.8566490732476,245501.66244667972
1114.7040664302767,192988.2466732904
3432.3789221477446,527984.9696319611
3823.688561595488,563962.7843466875
1920.323046935075,320634.82738909347
3401.746718100412,473299.8054672911
2278.0890842517647,331278.0294917833
3709.43097477178,532245.0021303855
1396.468737023239,217711.9798509151
4505.967511862785,653633.8447556742
1793.3431840951089,277662.7565490927
2155.036944902688,319526.8134189721
761.413784361574,104624.98880111442
1001.8049554457438,158043.6882375278
2821.3785622054766,417834.3518520602
1704.1670452758717,233852.35993019998
4259.661015839874,694976.6121686808
566.1202489472923,75174.69368151097
2205.9232190237126,286536.30125051655
2018.054960460917,285866.2702747098
586.9743391292046,62700.617101926095
1059.657795502296,175471.58164615472
2361.3920371338586,360641.8587619105
2717.89063001351,415657.8505378334
2319.303862646911,340495.13008029177
2889.219552854422,427795.9279870249
3178.0925370755667,469295.25848918164
544.6571950752603,80074.71557857965
2588.4282175407675,404970.90133841184
4835.746583994148,732083.4958492292
2835.645260582969,435349.04567986267
3548.9402035652893,542332.2086997775
1903.3873606259745,303196.9528415309
3982.961201687431,603207.1810839197
3978.1466684425177,603898.961719956
2845.832214443625,450650.9569904069
4892.062204756461,720508.4123534069
1064.9759664319402,142631.54336576088
576.2644920031145,62721.24181673005
3965.711952906932,598515.0842084448
4132.1999181419715,582755.3428969132
1040.932531042593,165382.9615775825
1695.1227483137272,252084.55035704802
578.98563514983,109540.63926889564
1819.888748512541,259544.96606758132
3979.1384326340217,592804.3991867532
2830.8223747066054,447067.42287185823
2066.4301692572963,337627.2383241575
2172.8268270784865,312320.97674673656
506.0913157196067,79549.32200968421
1849.1023740435614,283253.73566021514
3409.064337370687,518832.718718026
4883.874997173607,727329.7363897286
4311.773721427548,672393.7261766047
606.177340904881,53132.531463301246
4543.5227210367775,673105.803459495
4024.392859843817,612617.5436320315
4011.6925560694117,610898.3796493986
2560.9809155160715,411202.31793970603
2291.0238182952626,367618.0806083151
1863.1207797493669,273757.28445626056
795.626865294646,145341.454664809
1527.059135721646,214778.0354826978
1609.7163574011108,260075.20126600337
2678.3468136959073,437962.4716228059
3863.4998296851227,603823.8565898678
2632.14422779076,396937.04183909646
760.3000225122228,107409.42794139097
4810.054104446917,690936.2897418519
4742.259435923505,717549.70814681
4033.352944167838,582698.5970657573
4960.9755570389925,728283.6402835702
2950.1704976011833,418710.65862544405
4832.457576139427,715660.789767781
840.2226827753784,125474.01412656713
2145.5633671761707,327306.7966997397
1514.2157060304462,215122.22319628767
1381.2488786042152,228573.00591853593
1133.6132700170424,165877.88534275704
3300.861387046985,479374.75939173735
4015.9483508628728,606918.0979742997
3102.3427973916228,504622.47627961973
1161.3321931469436,180903.0403027439
4150.05696470062,615251.4321576208
3361.7961822367783,473720.20021314267
2246.74567757148,332623.60521628056
3533.5863299122834,534736.5119886048
1669.5724065927477,242684.24316380074
2053.3649382239473,274697.04796877207
4628.686294093956,677291.6363240248
1807.2702755213918,300181.31054596393
2614.9472067107145,420922.10108121636
4505.635118282065,658112.4843582179
3684.7460762038736,566167.0471745695
779.9145177411624,93415.72196577088
1162.8636992553666,202515.88052820403
535.2871584736257,85197.79072892858
3339.1480560312352,519865.03837701597
2514.5304143468825,342877.6952083816
1104.2368290602399,179188.26639753373
4810.703544755467,721452.0504396299
2883.4687577552895,449558.8950791103
1588.5198235080013,256575.32948815718
2752.716070196184,414223.10431892256
3558.291497307985,521727.1318142794
843.0764808810402,142055.3957757459
1736.1671677155139,259221.98516922453
4131.344708977971,602246.0072761428
2568.4919168119754,366870.74289264256
2959.597139145327,414396.2825455514
2447.6720099426116,356944.97830013046
697.5497418935231,126686.30220551603
1245.8740091907016,190437.6973727139
2504.937374338509,365145.2520323156
1441.3345943356753,232297.30791395289
724.9056289685543,92086.31191081536
4296.423488233207,646370.5287216365
4915.366381238521,733712.3497312679
4069.1429329853277,625954.0524595663
4342.032147671001,619760.2547322601
1588.8970864267042,221330.6080477125
4822.821389809399,690658.2952895192
1386.1656700404278,202732.91606987876
4781.434146628245,741443.6720668853
4976.686822846779,736394.0792339464
3702.7526258572193,545199.2151146699
4915.146793063199,754706.5074431626
3062.9290080519663,480810.34237690095
1667.9380242924065,248419.28229848517
2466.481485495294,383666.5199052919
3171.024209204537,454114.5405631216
828.8670291215674,151889.5410467434
3300.5446907776072,538055.8294953821
4915.300265430325,747719.3556383234
1355.4844240267744,161636.03117716016
4066.678023297725,598837.098246703
4585.544572008287,700088.1922346295
4746.657167690993,703568.9152103217
4820.610219824513,748535.5040586789
2846.5683742466235,438748.4014257108
4897.885585961767,720553.3278789491
3907.8959321049747,586829.6860311712
1227.5214630663286,166251.5550471675
2646.0504791058647,393255.87429763086
3732.490289174018,548781.6785674517
1613.031421185875,265449.949182542
3382.768325969993,549735.4900321189
3499.7021557097864,496331.556691753
1232.1488471385464,146358.0013465869
3042.8839060374034,451529.13746858283
3972.3210994037345,565479.8509339865
2745.030490411739,412678.80563517916
554.4640254924834,98148.32609999106
540.6731108568148,110983.80457385872
2106.632047865055,320022.6983540639
4667.8733079430185,696317.8916944611
1529.0455082162396,189789.12790097424
3354.6365999225923,503719.1929721048
1499.3414181199425,226326.9579289806
1947.5149534679688,304906.37930445024
4316.1894032066775,633258.6484504198
3779.876490214761,558280.421527497
929.2967479094478,109834.4670803335
2429.1590944389513,318548.0080281614
631.2639364036901,72519.64864461785
2664.0056597135404,368194.3326719707
3480.9530526548065,528877.2038066332
1033.261806191682,144626.58979541514
1799.9822250912455,259232.59116219103
2290.2648147597065,323851.4612904517
4637.889610952224,631032.1329925848
4969.647569403338,775613.3503854517
702.1008454802713,85309.71636650494
3924.5356557292644,580431.9469623916
2172.7582988105446,296815.9015157955
2266.06183803266,359347.8825737117
3894.1923800616023,586997.4357499868
4632.918944654339,678410.5359928334
4779.178675261468,709032.2090623397
3097.0516371724434,498121.34401836386
2107.0452168522625,314597.3938902138
4043.9708863645064,602960.9622023578
1629.5062246803511,225598.30397926737
3038.33312975083,417858.3464531784
2113.6030768619294,313839.68805770256
3454.8398316854423,524735.6769993086
1581.795108020781,259260.95548967054
1362.168255806716,159355.30768101427
4632.075890039467,672309.4569654594
958.1165732729161,132102.6641798084
2776.8105848071923,416451.9707496148
1493.83752333354,221174.95466946258
675.1848349655036,98843.95153108014
662.0846823114188,107474.62351811171
1288.4979744762231,175208.83395585127
4400.466595277001,678752.818136224
1771.15434789662,274342.2010184826
4777.066267588831,710163.2948557631
3117.300318451371,499613.20760548394
2464.7638539594473,400842.89880535245
3110.399756012546,485217.87050575804
2825.1427335182047,363400.27461637487
3914.493141907963,618752.873140554
1771.232296877835,281580.01498111396
2088.7267622013605,353437.18708446284
4523.424361399628,703262.946044615
4759.054309176825,745424.9999264695
4516.512023689135,695049.9005569778
2387.515972807911,385101.2598940969
4011.6447635309673,641629.1893443338
2643.5107998549447,400857.7147458058
2738.92933465746,379394.7893170564
1421.0604907577776,207009.8556133638
3160.086364663324,481811.8666871673
1337.6115398900656,202139.482670941
1992.041145802372,273874.93254716723
4347.6359072897085,619524.0335895567
1431.8411414488485,199952.9178446307
820.2122832804477,139186.63361175018
810.5341667576733,153186.9204301104
4733.530342263985,728360.9036151518
2781.1419708282556,438319.841366521
2342.3543231765825,349736.8370132162
4148.953614535632,587501.3930262255
4261.216675597322,630078.0897219442
1994.8596490202208,294053.65911558556
3621.2812586320783,533251.1390580981
3970.05267133349,596601.7980075161
3445.9280908967953,525717.6088323783
1182.1778366004473,194386.97925493706
4441.473875826757,660658.6840866869
2925.925487312039,400813.634983914
1771.1259186650166,256011.33341392977
2413.5268344696224,362903.23311028304
669.0699067950832,124816.64446193064
1075.400605500879,149953.93398144975
3944.960377321374,601994.929166194
500.05235639914764,80809.6114525808
2374.546228170315,357059.944888015
2851.295814885148,446305.0386192641
745.8548900043753,98661.40956560467
4878.851733375498,720324.0310134544
1517.5639906235238,227396.58213164398
1868.8942383632639,267531.2056526156
1867.741305147623,290321.4415932354
1536.8749795280746,216267.40084188854
506.6321993884014,80520.9140631629
3782.0515733959837,565304.2806336624
4850.804749096784,731919.2316600517
1509.3206747827028,217203.27331614462
3483.712363115401,515775.0885767736
3838.533471314218,577700.2060570737
4317.914205907362,651728.6210093306
2401.831386561241,360190.669676363
1863.1890753819316,313585.6084375514
1963.82810310364,274759.4770907203
3706.795998943308,554735.3239424418
4175.507599275363,594853.5594489648
1317.262854904712,205031.0578090545
2169.2345367099433,303080.24977895524
4558.730885371175,678243.4276881447
4130.120838626326,612076.8392873224
4931.862812431141,745397.2443966946
3894.1171685693635,573061.756934501
2269.3784046256505,328500.646739968
3157.87025297587,502397.6672280984
3474.5641441129414,526875.9574264317
853.0511734270578,116736.65897361332
2950.236315967393,437518.7739588843
3691.9437281267433,586698.6582644264
1252.9458680047717,183238.58263569383
4012.842728415007,588140.8767992033
3126.9775123135023,455346.7038444975
4784.998035639176,706767.1757260849
690.9003419310127,91745.09684111745
1693.9676189996014,228502.18588295535
3206.9924568492083,458564.8665884417
1834.519604926688,258591.53325177578
3714.90873832059,569067.7311171505
3915.5237713486895,579703.819956846
961.321838299135,140055.04196298943
2812.345088930455,447253.52384466614
2790.0075001597515,444401.2680227311
2161.7634659699347,318622.0210327355
4698.161881563525,692107.0120208604
4223.778439429496,616278.1596409535
3637.4422185933654,559471.8481831695
3714.469860807489,553076.3344506776
2577.722647159036,378928.4992673996
4644.475344934592,680398.0102374377
3625.679422639784,528458.5852157399
3780.414777451174,573463.380447541
4377.609067043053,630332.5947387127
1733.3221520398595,279895.69668173767
4131.8190674001635,609095.9672337262
1378.5827133042142,203794.68811059627
2054.038785101995,281366.25860248815
2010.2470442142921,301289.7378672965
4903.364607751132,728938.2723088586
4354.417506865671,652161.0140527213
3655.264377156169,577723.834540663
3771.7554272692555,569317.2750061932
3029.32757481157,438505.95253881934
4761.908001988336,700059.8020873191
2733.164387970627,421877.2819138695
2212.3296944145254,357823.31998204725
1233.6590161921595,190687.2128438449
4037.925435174761,619463.0701673095
3804.9976943401616,582944.4086177584
2229.5976733586067,362820.9392709414
613.3703628165322,53013.75096795917
4275.487974731048,654667.5749957478
551.3809255433314,102381.85970957097
3666.6490083307294,523222.8771268979
4866.156993767257,712210.1853849601
2469.475976666916,353405.7415274743
1557.3803224817875,219031.24444472045
3671.919545195218,541153.5907605721
4177.076639070134,631413.5521216189
2958.936422350313,461153.95637589437
4851.658738652658,749375.1499532694
732.509247460825,93119.92589576812
2771.5801923703766,398842.96888149687
3733.042762951475,586272.8512430458
4381.882120171305,670217.1967340688
1306.6502535850552,197654.83487513821
4100.015667936566,624469.0837015844
2987.1818407334536,447481.20047298924
2284.4915689548343,353165.4290041774
1092.7176286059212,157186.31036077338
4393.830915090106,664450.7359523005
1207.7294368087191,150948.49451391795
1894.0453664409465,270351.11906963337
1805.2048938309658,257240.510538838
4421.363153858844,655716.6724146884
3527.163473940041,510544.25599541113
4085.0662873611755,602089.0705877147
1627.1055445662455,213777.55043697442
3311.9334482314953,507764.0267626223
3072.856924146869,459278.2682438025
4247.73669554722,603056.3521765627
4577.391772165673,669912.1676139174
554.7054716482406,89937.84929847943
3533.089635764567,519103.0064369692
733.2610960387806,96050.33520305516
2969.8639928481016,443987.74538705376
1794.347280696552,276024.04280804715
1880.4946978496355,253347.15553666215
2088.313265535605,324249.5594546983
3295.8160207232454,478366.53747633926
2003.2248455094614,300125.1674614232
3797.145727656262,568863.4563346091
2320.373235082414,337514.66289756657
807.5894013948138,100665.21528660778
4026.9192911784826,598324.1627149271
1785.9124606671771,300393.47528158047
2447.4509581966818,339884.14312022965
3584.497474498557,571520.8815568811
1996.052707169204,294213.48265385
754.6354526602203,113902.74624080582
2182.644711557661,305662.49050595466
4750.018622124366,697077.4049851053
3387.804787843512,498112.5251757664
3521.656169002431,507334.5259328064
3345.2696913693794,497612.0945579895
1395.4646253174656,201179.37596148442
2382.5023884602606,394390.9811177537
3879.229092634932,558564.8801816306
956.1780389892161,145480.51618335416
1750.3374924037053,267507.5494985923
1743.4359880963414,240108.98724141446
2444.0851741752767,380349.32603534823
4911.659334239833,728782.3598783422
803.7614600771988,70716.42597991848
2834.1544747126777,438320.16344899294
1307.141069054947,173732.34267619476
4868.044454343849,709251.1692287953
1009.865771273589,165237.9073488863
2316.2045106271607,340487.4469457051
3820.4824317557277,591427.8077743892
3670.494926123504,574777.5608258318
2402.278866022695,347443.26069695834
2059.358755787232,324769.0632871854
2289.2557034879173,328279.13949533
1689.2431842138767,298048.79597472504
1423.9982241805992,199740.59353646557
2673.678639015005,421573.54467145086
1708.4019023042329,273136.08586326643
1793.5774920376255,275358.3802478225
3455.402285635507,504899.47961699235
4858.417992649515,725734.7490585991
3216.367402517188,439383.3481186872
846.4076017923483,131449.54103649725
840.1262623433014,133011.24597206293
4781.4044938050465,719880.6624519845
1837.8085563830014,216205.16003159908
914.3014373711394,111832.48670387469
3195.700642176717,464393.2766695343
3306.4195023061975,501796.10400971054
3418.2716905340967,518527.5316929742
1703.309125358936,252091.8929644168
567.9980789651377,97904.62257684978
4842.569162545124,705860.5268757105
1629.0187056099612,256557.5059553741
3542.1182962364637,540812.5865322673
3679.834414454193,559526.2568248872
3245.0333768576857,483114.1979069397
1908.083273961417,322827.3675908378
1719.9331419382959,267853.885060542
3189.507272162164,459059.37355925346
4397.430351252611,664580.6622026113
4760.3017801552805,729094.9345647765
976.5761198169093,134724.24599405023
1196.7287566897394,201294.75844208288
4751.313164523858,720337.6487928989
3814.4085275065668,525311.7123726781
4473.472211733979,677014.2713068554
1411.846853609044,203656.4449531023
3144.136419992308,482364.05928968097
3655.1281748786314,567153.523036831
3560.503484511377,537978.7636195429
2336.6826089001415,383807.43601391517
569.2770126108882,81817.4142003633
3123.1672556191843,480971.44480395515
1638.9569263082394,261942.39041898286
2526.1441076430065,376974.6967685963
4809.114567877178,736942.6713411324
2295.6589293909565,332455.37966540013
4279.107229989921,633414.7161180638
1348.43272587163,176015.13507401827
3526.07224111263,533739.0184942954
4896.531294975246,740984.7277633738
958.5189539282155,167363.10626081692
537.439740022364,96438.76109047228
2451.1225668467646,361972.47389406606
916.8146737311524,113958.60731298733
3867.729573543041,588816.4440818557
4615.468987318515,714535.4115460701
2453.0943771894144,383067.856054491
1664.2023896994842,271319.90895206836
2454.8149355297437,363984.4497054967
3755.5151803250046,553994.8976852378
540.7437271116694,66373.53202211444
3152.542952681137,471763.51356989867
3259.8125819932056,487400.07137960446
3369.5971110317096,509573.11922553874
1589.0993599139474,235778.95484638194
3713.2372552015704,554313.0336857002
911.2616884929938,121155.3722145062
1396.7165141006035,228339.85738612033
4448.615209945168,668822.6427366495
3824.2541782695484,570149.2480547266
561.8549930510536,69329.66389267394
1617.6931716641009,216015.71354179343
1464.8291734692407,245883.65987137298
1718.6284761663767,268887.04558759264
1614.0189662594887,209624.48808752396
781.3683308428058,132468.09564061402
2565.2323246856913,403234.4721075159
3797.3006365377432,572082.6179266801
3230.292761228464,516506.13209930476
3527.922508691359,533522.7691461615
865.1713034130762,101439.22495297763
4781.708195795542,724559.6093902978
4273.213252293612,645879.9338782964
4122.906433230482,606370.0280090093
4203.427122687954,641985.2451407416
4697.197286597426,671226.2876657967
2949.1428475116395,462182.7636756017
1401.2690804043164,192627.9279885384
3275.526235336435,471630.01279812463
3842.966721505725,574168.5127797093
3820.628270093114,581753.6990748398
2846.5206087509605,430256.57258451264
808.0642370011012,106356.45223471762
2170.0082229355753,315379.4476164985
4643.449738085108,673856.6137652169
3130.020093908417,465009.41605366516
2922.4937446507106,459874.4859878248
1709.8408147198709,256390.8634551031
2158.020139624605,340891.3060388798
4529.057401189262,708466.6369329132
3499.0837138707607,513102.1866998748
4043.2416203854978,602754.7779967174
2544.554403804448,425107.01779191714
3336.1124875527107,529303.7413725056
1617.726239344434,209210.84538541804
3674.573736275688,558929.0267625714
2424.2060016650175,363642.1000965465
2491.4548166663553,390247.28471712855
3421.9504605959673,498392.993739694
4713.26279661017,690197.252050712
788.0285597387942,104682.86965494693
4211.344568061534,620263.1142852615
1815.723996854869,288665.08286441065
2497.6375452787,351021.6083288274
598.6099794875403,77339.21892394466
1854.7073502544085,242425.85472813243
2761.840591835587,434418.44524358556
752.7923480634756,138339.45419814414
2709.930782224243,399948.14871636074
4671.997829862923,694840.687183174
974.2694814851235,155204.86026842645
3939.9832763397694,620487.1315985306
2343.519740191967,359700.17598007334
3448.281715359521,503291.4184544259
1671.0646909335321,218283.252200301
1217.7151814361123,160354.75196214707
1222.0817642205188,184776.65363932715
817.2137553941509,109475.51284510674
1335.4101720555936,204210.8799281542
3488.987232450357,512289.60454282886
4467.607753295786,648978.2343684797
4163.565585160228,600994.2051449727
3583.1043944351786,568712.7493527414
996.943385349962,167321.26278616718
1801.3435083317743,304811.8852863253
1894.1309389511105,294918.65885776863
1624.8062587892955,235121.11064609754
2817.525468693754,449095.6387538619
2909.9921669585265,435837.46501654363
2105.9868882699957,320314.8686463064
2092.051214313962,312951.19456558395
4228.500190577366,575336.9442009246
4051.8178174385853,639867.3728616849
1885.0812425633553,292582.2653036584
4612.047997429667,698403.6608318202
4787.667576511277,716914.6152312803
1970.3414391351837,298819.7722780002
2094.912269568747,302291.26171838713
2775.3536903988147,428634.6406059676
4735.043656401531,684114.581572247
4443.437449140401,670236.9860204711
961.555831626154,155464.8441553452
2267.288344721373,336119.8690317479
2990.1703538739735,455942.9089305165
2764.0961264819302,394787.73112760455
1372.383805716017,186541.03543948327
4364.675470256696,659435.6629590322
3546.2335234857683,545506.0216152862
4270.587686833116,603090.8399149332
4364.439257072625,665106.3012631091
3867.601341495829,569276.1712168476
2476.4477056237283,367611.034097411
3247.4603975694104,460328.7011641108
1221.6443275388442,166214.30432709248
3531.4043786370844,549033.163306169
1306.6396508267635,196653.21510361877
3622.7731572957055,535760.4055601647
1533.1917233928589,227648.9914563081
1028.98085067599,164131.36409468454
1243.7802056433084,195376.920769763
508.9646084858162,74844.15126493642
3734.328280340886,582008.4242690663
3795.804720762706,588779.9608525392
2817.2000746096674,430847.45177405805
1226.1326047492266,185012.1263705854
875.9945187981039,144545.59972210636
586.0803489677916,94197.4007811924
1245.8667963434932,208096.02088764292
4508.849907424161,694318.7136483904
1586.915787657568,217672.29012028064
2094.2209724774702,292413.8824567864
974.0546801659993,132083.21113681837
1500.6258713667662,244616.65450635334
2836.510568510923,393950.4053412135
3234.8870739304366,493128.20887172536
1604.0854137479498,247863.6738840517
759.7947165130274,137222.16865067795
2259.647911073294,342553.96047427185
1553.9151691685036,206223.0875635975
1487.9926545341086,204011.79896715382
4819.382612210548,699267.4813936258
3273.3521866657584,480243.94867320097
3005.9529942744316,447234.9177926862
2370.987965854949,332339.3643538212
2430.249500435649,393950.6648783932
2934.0725172713637,413605.2501516557
3633.9341316624827,572012.188226622
3659.6574328182323,572651.8755515217
1272.622584674523,208859.43869495916
2750.5073843448213,398700.7755017882
2353.811427653459,359920.7317315568
4417.371348212229,637058.2795608221
3341.3851454826936,519425.912523079
2896.268298871918,432960.54920006235
1019.2758898051281,144704.97917903552
3225.3705019553513,459330.6783601773
1027.4175755610504,104562.5139615772
2017.4295900458842,281843.6213661675
1142.7888416644932,193674.29016193212
3614.33141160966,534093.0431719528
1428.1345122626867,210833.59969710204
2263.367179346117,352616.16406768665
4530.536499284504,715693.852455001
1419.4237252953662,239413.6518932177
2785.122787814506,398321.7180958521
2386.7224752470993,319156.9598583168
581.5581847057838,134426.01288786964
4067.4115110776575,655491.5588948376
810.7065784156987,125375.05869094047
2634.1475943962914,369712.3742478073
3023.052327225275,472722.37976167
3327.9190547656417,497028.18449459405
3598.84233188544,537566.7273206838
1639.725725852218,263848.03573993524
544.9044949630222,88423.16918191931
3755.496480597104,539608.1738692666
2910.4546970641036,430073.365857976
4262.529664432619,652602.5082381198
4196.247633053124,639642.189406069
4294.967755045474,649485.4947439906
2682.9259699079307,421107.35457570694
2001.3277812658955,292964.82743353903
4062.011911661165,612875.1822535561
2530.823508631647,312111.9442911951
1325.4898838154554,189830.47869546205
4347.383088026634,667385.521375508
4471.519445475563,662920.0274789915
2598.3939026307658,380434.5375602726
840.6487728940435,105268.25689861015
2245.2174046261907,356849.9285485115
4115.919467581715,628357.1856080687
4557.983128458029,700205.761225166
1415.6273412391813,177819.8219467194
801.3812541137219,116998.1872517456
4448.077039097774,661609.335709666
2252.3222254049388,332236.89967876975
2937.924339204035,428368.1000062461
4856.296154228415,721522.337698662
799.5412756140029,136924.08699623347
3417.43103353443,474357.6279632079
833.4744015869019,160567.05559864437
2189.6101780992517,338118.349215417
4117.1654533705105,616728.1800923723
2450.6250474003546,385730.44003751175
4987.3205925632765,719061.3939811228
3015.76678225971,439070.9992359362
1945.2296868617907,289362.9443814575
1490.5009665713892,250886.35239435194
2077.342404287728,310671.4290206281
2176.399731917979,335461.05321139976
809.2115497578244,109590.15254495111
2163.083897420479,334199.42599242163
2589.073338826512,421905.792683466
3752.3198850746207,582758.5165946754
3455.282681247236,516663.2824315278
3689.445448531194,566926.6342249885
537.6365684458569,92195.82435902278
1479.5032981124123,232057.24815080734
3477.579297799354,543875.9618871113
2677.952156808862,423782.37759807863
523.9106405075568,76043.42413863583
4120.2258909432,630871.4648710354
3977.6430798065185,588984.5635477818
2967.886233471032,426721.4870943433
799.0849659932246,114472.86978490396
3949.317722896631,590872.095399703
3126.711144791138,435775.0519351108
4018.819897210816,620029.6357699569
3882.861465781282,527082.7114151444
4113.509323810267,671322.7373612665
2831.0362988208117,454693.02749904816
1131.4603318708173,164498.87529717633
3520.208630208599,528219.8217425653
3292.1320327338676,499879.2423818258
3840.139342395892,564237.693599605
1264.4645272283087,193522.06203598503
1377.3883995513015,203728.260378662
4506.842827486978,674140.9697784275
3874.9000930343186,584864.2352247606
4587.028199151453,661783.673905638
3914.2189452376433,587924.2362683194
3187.1988769563586,481348.78647580335
3443.5973166254316,519116.58992093307
4501.075657730045,670844.7335507837
3104.6303953037323,488451.7148149473
3345.760959477743,494791.09282403043
1204.1452220162028,185168.3014388942
2632.6454905224623,420842.7742568803
3723.787003811445,556980.5277713105
1719.2421424236443,262175.5867128977
1410.143812360407,209593.87912776312
1912.22063700987,311580.49142275244
1586.7528259677506,232858.4326634367
1467.1068666637811,245733.1215453313
2411.8287929063913,359702.56104301737
4585.273312475903,670601.8024024252
2781.7684103242323,430852.72496011725
1345.6417136689538,195752.90037522995
846.3725122139333,139365.89481407325
3632.7026531206634,490317.31026962475
2222.594439963745,333493.2712324607
4198.239259634116,620543.7829699677
3467.7984588834656,498904.5951018943
4083.0865274361586,601398.1590786277
1723.7571773830193,247089.51372159988
3615.6151510747613,541382.5567642027
1688.2789311217346,225895.31044256108
4725.808157526312,715196.699234141
3363.684266900185,531876.9357391435
1960.3031007890395,299664.03505731246
1712.8033803152268,273100.2792318642
1359.1696328223957,225766.69401563526
3625.884315021775,568612.4374969497
1484.220258490673,260035.81263002707
3178.8646966737006,466845.66453553643
1690.857621164108,239258.96347139386
3478.8602515724087,537498.350702356
4167.228778432426,639249.6411580119
4001.113594150939,615680.5451149546
3923.830989188518,626360.2974632827
1344.7508256151343,201940.02201824004
897.7322614303341,143182.97040747383
3645.269728193235,527182.6941993157
2157.562462074581,366340.79179070634
2445.558018815063,360102.80439807725
640.1709175702598,89861.31907232237
1668.0940217377213,243279.10544049332
651.5438174350882,84833.65544237648
4456.3359767056145,653861.6555288893
1595.2850744833872,228818.6755147176
3008.0172630785364,423886.67090076156
675.4069429750868,85604.68304099826
3500.8132608754613,564101.2513602716
1953.6230558934224,307756.5612568407
4540.636341309496,699613.5347309788
4496.531850203161,698023.9532788126
1963.807782627865,331253.85868142755
4554.324030607106,647720.1535621891
4982.709530744504,722808.7673059448
4214.370488557766,616081.1000657713
4301.92106489853,635893.5638049876
1620.5393124909046,237069.50906193073
3095.1607948599035,455334.5681728647
802.6516128531553,124783.92019061437
927.1307156975138,139775.5151695314
4995.016754149808,734795.8172189061
1969.8766224165993,251970.5178227385
3866.8276042198086,560166.7665253973
4129.992738620675,608514.1377268496
4361.104719532532,649224.1191937254
4989.327338309705,725805.751560245
1586.7341836559053,228193.9982184574
681.5787208686487,79617.06036058557
2350.3618309756366,350037.88761537883
1085.3630142302613,141342.6255672869
600.9165012292481,73159.38205697792
2121.920722136688,292114.42570072034
4026.822129838564,600953.3055643889
3047.813110512819,439843.01117787487
1907.5009514465933,304260.82805049757
3444.5390247172386,524797.8590414438
1544.0818113896482,230215.23434477436
564.7165073243826,68757.76615178163
3939.590238963923,598548.9419509144
3306.843881888041,509840.60007017886
3930.36181025432,592408.0397821807
675.2210750944953,133357.19837351292
4267.038325237934,649248.4951471864
3287.867900163365,511452.3293758654
3035.2790782068805,457963.17004175164
3310.7632165153923,510127.7715424484
4389.949610907639,642556.8169827623
3141.2142795150817,462014.1746630064
3114.276709496807,474128.77749416867
4958.056206795946,750550.4206505396
3905.285751808556,595945.0992301484
2490.322124530109,395556.1765250909
3683.2865001481746,523993.551585918
2251.5371226130483,318241.51743975136
1529.9395811757454,234082.38999784685
3185.8334459949174,463387.74426316837
4676.819441512782,769078.2810527046
4681.127840069582,712483.56839384
2038.5737514747063,304219.4457426028
2874.5485979976274,420872.904237967
1452.3615435643756,208250.98587079544
4980.3399927449755,747653.8121380499
4915.030585405711,739494.2264632818
3422.790183683513,504284.5446586567
4119.86326854863,612516.4453518965
3717.95072577665,584578.3003711895
3169.2119856776067,503071.8971046617
740.0659864500396,116050.57756620349
2546.439541486975,355140.7366783115
3536.5383597533473,541250.817095783
3548.892262476581,563419.4882037076
2179.0517829007263,354253.38947435655
4737.6139399611375,725330.608050364
1253.1066450655144,216414.4558655436
2751.617507970023,413810.3116450839
3608.9778944787026,553908.7435684795
3637.1111265131417,531951.1576504677
3418.87530545967,518676.60494206473
1738.7969605333708,287410.2289594161
1202.9295590897989,168650.965633732
3361.731470720199,487030.85201874416
3196.8595226274697,481478.7071745944
1307.1020463015843,191532.06287075765
3673.126155067535,563951.8776815386
2548.2739628014538,373175.9039012772
3504.922662214188,560107.1916441825
4268.151858965678,614429.2568856305
1263.7779285961542,214641.38501381784
586.1519059857651,72625.8013317027
4005.9616387810406,564974.5911254756
3243.6384131867717,491303.26510499313
3648.3780632995476,542164.5497746544
4271.697387448891,618562.4207592731
4112.649206710252,583269.8431722324
4824.140661179711,723453.8834315275
2911.707854834532,456272.91605765617
2698.230346969574,416433.621907165
2308.4923995082854,347407.9929030281
1191.6096927989204,188318.40538419277
3076.732547969101,460965.59954780794
1746.5563594669045,233388.96905942826
4645.883804958389,668464.6910392895
3124.3586192469393,464590.4223073473
3167.780812286496,471954.0561156529
2097.160973946545,331593.79966211703
733.9520838996837,125238.89706044749
642.8469441784488,108529.7019419463
2405.0081486893887,355145.5680418647
880.5442014375703,104468.58681343276
3230.811299930626,492863.1177309144
4464.378525378459,680160.1650720122
4473.116674334249,623196.8719005836
3465.7043455950457,503168.8881076036
1450.5432416281897,203760.39869635052
4383.485741114924,659889.8651897074
4487.420458909437,657045.8601811017
1384.9411322883143,206978.4784667543
3818.4173859680477,568551.9090881473
1789.3379701720532,265217.7060950534
4111.881405588183,602454.3249642125
4987.570549566212,735355.8813535983
635.1170239822677,73662.2124017263
4538.146396059194,688323.3082203557
3301.8374011939613,506697.66275092156
4880.221786241696,716620.9089337476
2592.542828868924,419294.22625067947
4313.245687571181,640694.8241868361
780.7733086922476,147719.70877976835
2008.7557253523307,288470.81532621756
801.5744198804448,79704.60745007801
4889.044100655818,741400.5715966197
4176.382582723265,631428.2895108694
4336.463395606867,651157.3852471819
4720.843541452524,695281.8816489988
882.9656875390341,131753.40862113872
2235.1891663100005,325053.1857891095
819.6570006980096,116901.55877806642
1448.568956975129,234117.98866157085
1532.1459966695256,233506.2440910307
2610.982449714104,403846.3952037552
1708.5297535413915,251642.09289869294
954.4014806799249,136319.87518589324
1253.7099009234846,164986.8345207498
1162.7400359844091,167010.2731462974
4878.845590605342,665404.5474790186
3916.8162811331313,575718.0028438569
4854.9265937130285,726601.5055131374
2478.8321892855884,383098.30147824134
1752.6581674819547,257525.1675717941
4092.31938744134,620801.378961101
1968.1426311851606,251625.62144996919
1847.2251816740672,275947.04020697105
1546.2769649352404,198351.48888201796
1083.555402009059,138367.2399881722
1654.0837745754468,244369.2552290398
2098.9388681324945,340366.1099773453
3532.973936655787,537370.2257677692
781.5417899875321,117595.88844087215
1447.2812284940433,216701.57648476446
4140.606381312544,606818.3793327921
1161.1486561269685,163292.6301515916
2041.9031593513469,314832.994812118
4390.965148361631,630937.5618853548
1197.1639001454919,191435.66602748423
872.3157602818545,123077.22269990112
2680.420977860049,418574.2881763986
1860.8878007534138,298355.03925765376
3035.3376401773435,421838.96577648673
4117.122007175638,605936.6858118013
1117.1681966873443,150464.67574428915
3113.145880494282,430717.3227726795
2774.7894217543876,395567.7477389699
1148.354537059398,221078.29746421648
3307.993184880421,508389.1756563119
1731.3818803734723,298053.04142813594
2695.2544334480563,420870.1338175752
870.2254592467784,115696.95566684725
2568.1282574613037,377583.8146857147
1879.0856061926913,293631.5645337099
4200.715450334094,638857.4416195748
756.4042714881573,101913.80040905692
2383.7327371324845,327360.0471582886
2562.941408591471,450196.43503649544
3762.5273433460343,561556.108055049
3084.2940879059497,456129.3353222401
3502.455517373815,527635.0168841783
3996.7217854329024,594653.6960287148
4379.913381461849,659441.585373387
1912.4397352511173,312604.90600999596
2921.1021741375635,435674.356526906
4280.486352976399,618818.7441599047
4952.530089342754,739646.6375118409
4502.836899696935,666137.499326342
2171.6026818096952,354218.38101639133
1378.249327483927,230159.78041734046
2702.2664183296492,407490.46275806334
3837.38653326219,550033.2628929435
2716.5608183898394,382966.27748967696
2674.313884911508,401449.5479684173
4272.0368948681025,647531.9936166409
2126.317005802339,311455.0944838297
4369.0760366524055,645758.0138137161
2330.621604282756,337737.25597884046
1977.0489755525273,296089.46712800016
2542.954600398645,333787.9430183355
3931.011314036908,567625.1645301421
1067.009125387974,147510.35189924913
1383.886471424078,231733.03461265014
4781.501715483914,700948.9844840086
1289.7123232161082,197066.21131904033
3054.7729306897454,462746.79462208174
3106.9150999787203,491995.5951100233
2703.3100792261016,430748.06002319825
3401.3536185956837,509052.9834134542
1534.2202660892829,220623.34508960356
2986.980204995367,434770.3686927912
2174.7796486110374,321395.68284234
3477.502668331351,512944.73316323065
1135.5059451791726,181398.43996404053
3068.948375777643,468748.45271635056
1333.7165992249566,211893.5137066438
1753.8937840176638,288269.74183137296
1484.1941014561244,259886.49764642218
1322.770009409677,200908.76927960268
4215.699282023002,654344.1677313633
1785.6840544740064,260819.40449441667
4672.057018390022,724508.6924301635
4864.669364053359,750930.5877515207
3070.672114716938,480769.1366064005
1143.5050519957688,173407.1546231958
2185.4670952081156,314452.90100139956
4089.795185066963,585578.7090027349
2153.258279136817,322187.9977201005
891.5774823625493,164396.87319936603
3005.532099176846,444632.91684924543
4303.043831732157,661159.1064690246
4081.668742145761,629129.3393322427
1288.0541305865895,187534.39516944496
3527.4407648561,555443.0114788054
1492.269185460412,165667.16292945173
1481.933905484775,197835.08024795278
4433.322979873334,646685.8010538308
1623.5102873310357,227132.24264230757
1684.6130593310504,259417.2179233755
502.940258425848,81241.79482495524
4418.01065356483,670581.4094782246
4066.676659441106,621923.1287988157
3322.980207908051,479444.93980329466
3876.19593772479,557065.8693225721
1184.2185534102132,185559.17665168925
2562.4561756440894,371763.7848736846
2080.487243069514,280663.5855530677
921.9943681565742,157726.04091431576
2687.5871834671584,431040.11565011967
4643.328426541859,727642.481775252
680.2660357281252,105780.05978871319
1811.5741107220724,284254.7585277689
1433.9342129256656,242487.49640608806
1571.6599414956333,222920.67542387632
4587.955483457188,710406.8761996601
2606.3107440543054,396454.53629101
2598.3473582291845,408026.3367812295
3922.5903910487705,592110.4190748342
1195.214918022166,205207.37189828494
2692.6940934502286,408374.58926836506
2434.9334635447685,335560.4383423669
3186.0981074599526,506953.24876528734
4998.009664626974,730750.8348746038
3962.5200233692117,619439.16771026
2290.3956635784225,341754.49190795695
4223.988735233212,657118.5299889359
1268.1876349061608,212923.51753325944
637.0865883903206,104165.8477448555
1420.0176760892286,223173.35776592692
2031.8520025141686,313230.3727209766
2797.6134085680196,379365.51615958137
3268.081132435399,492578.7742432739
4597.725727464898,667337.5755982968
2794.3430429770597,422575.1993214722
2755.7404008157823,390502.209194703
726.0935442034196,85214.99280599144
657.1019869530071,130663.9880780291
2980.2198286236744,468421.92205603496
2471.80375961755,370687.7122437494
4276.311777411343,645142.139616682
1223.0581312033032,178500.3991656353
612.3724795267232,103253.39944859892
2520.6744556855665,364580.0810218589
1568.6535053851587,255172.83106513295
723.2646800247685,103427.96518343306
3760.69229081433,555706.903705525
1002.1684998076137,150759.53534083892
3237.4377500349724,473792.72590673366
1764.7238757510013,271282.22835257987
1280.732226597599,181362.58220337186
2208.881853136929,340702.7500269161
4106.505993003291,640296.0297287232
2264.421096070577,325276.73067442304
3878.4634214497505,579158.0040715592
1064.6883355961781,168929.86460013516
3977.471388492856,587903.5611743003
1566.1999620799188,244216.40552852114
3548.2690844999274,543348.3398880239
3046.0169967844836,478567.7850435586
4681.151227452593,690052.8831961907
2242.951330888913,317587.19482872746
797.7433497549821,113509.95467197243
586.199684980638,68574.90595615371
4220.86352437739,644419.4927375583
2861.3103694764445,405961.5294179385
3988.5982332572717,644950.0633536445
1554.915200051816,259155.83723924743
2052.876854809552,308183.043613439
635.4674249509352,112668.00360259981
4826.715460583505,691271.2818013099
3505.4055801536606,576278.3036510403
4699.422894916878,693109.141993522
1694.7338334308254,251800.12673663662
3251.5862505154737,450619.27183355234
3553.24985731687,542713.2246923484
1928.973651159148,267219.16453233
4316.491557570335,649506.8488668709
4762.226583051115,703448.4987991765
4481.8480296320195,650722.3257461961
3825.8013917271765,557782.9787238241
1748.5910587622932,266804.4194960544
1767.2721894753429,239461.00896392495
4835.121442007171,710291.9828806041
546.2802317106141,95207.50238188167
3722.2248795896503,610383.3294359338
3678.1077314986796,561267.936115862
3302.1029342740885,476970.20729756757
4955.489807390896,735981.1877071882
1903.4574609367635,286150.39926356607
2029.8733870696167,297492.5090477284
855.2273132595,146345.26032366365
2492.5916144468183,378238.2118273072
1674.7183680568164,269364.80290671985
2045.240159799399,300497.14816395723
4255.573056150324,664845.9628169737
4709.68031087373,703122.3349454287
1335.7988240233353,180946.02622074046
2176.290191990596,369989.93641943386
4678.837529519274,665326.0744886687
778.1380731015018,101945.93645912674
915.6223765012032,124802.79943857259
1232.5594514280322,235050.0431753361
3178.4577535709363,512905.8407185707
1177.1252195269885,206447.34580189225
4856.3437165283,721838.3842317184
2510.2153726633414,425055.8659763367
2756.830821575749,420891.6633131817
1609.9637711243292,261039.83307471185
2619.3211359563006,396492.07801556925
3478.6113468665517,520802.37060351775
3880.2971162931926,577008.9939654513
3892.4063721946086,579668.155960808
3100.5100071233974,477246.3340420712
4569.618987472358,692786.8440963614
4178.3353128774925,626120.8695275502
3906.7165161438143,616197.9572755492
750.2248475620728,53198.6657594963
530.9508299884219,89840.36945668719
1456.0127473796283,232756.68624012385
3485.8561726105354,545817.6832566836
2350.388699971456,351260.8761746512
2310.8281668469026,350782.62637471454
4480.6409970332625,691815.1172212838
4530.032816593274,709328.2505745948
4591.288688241136,682682.583532595
1912.451344317623,292207.2173101946
3609.751157326678,575034.1528859768
1722.3493157346634,215871.8558426225
1357.7442488350239,189861.38532896186
1330.8460580631613,228943.62828153346
2039.4842938861732,327773.40075509204
2434.8092890091975,375670.2975699135
4239.271269747807,626918.7529999887
1039.5099206272043,138290.11811437225
3807.166313277024,559250.6346067062
2891.547113851874,464692.23149415496
1795.7540420419662,256794.25252318798
2717.6881303977107,409681.67884444975
1849.7393139966018,262386.74420225533
3182.368798572377,494210.80038783705
2452.297652848599,357070.122320361
1239.8248808549542,184021.85432515485
1024.6238355006353,120025.93266423879
2960.130569324586,411752.22067458904
4560.858649787466,684282.26133455
2047.809589509585,280668.29532248253
3798.5004825018045,611876.8051619607
3463.9760972289514,478365.95234209776
4691.997114392664,687796.0611856176
4194.414577846133,629496.2040222711
3049.7236650745836,450155.8910052718
3456.637242053483,496412.6771747441
4542.739099628157,662252.3081543182
2297.8345306412066,324862.0980461962
1970.576176359998,289851.99255759845
548.6498763583835,121336.063244106
4219.479833861589,634480.7210104027
4104.413151815143,639319.9825600218
970.0453314506813,155646.32663416505
3095.858215097151,486655.98022421706
2587.9176417509934,332188.3602107773
1034.1909297910015,149039.4790456856
4912.557021773256,763026.2617290026
1466.1314935850996,208485.00758277826
802.5538104075251,155632.53485852102
3176.8132077585933,506199.78423914424
3824.900047098647,564352.3927422479
645.9955072123413,86836.05570092406
3464.2293742715997,499362.2892936506
2895.313441781545,421705.1316299558
964.6925399377178,120052.09970727935
1276.3574462586294,200029.8405474545
3055.884337922362,429261.72082142567
1833.6092608097977,287116.04944527405
4722.420778930922,720924.6907776434
4184.331032678228,594425.5667980559
4926.052429311484,769904.2365232895
1668.518775276863,260550.0021798339
4863.756347590896,744557.4125675319
2440.5524140620105,350909.55807844613
2063.8345789118957,322022.7692062467
726.5728713620896,131513.79969875474
737.4436603682118,108644.38107513821
3614.050651759946,582146.0469489591
2560.6804749531257,384983.3639412276
1519.3473171624755,250717.81358342082
3262.866378463547,495290.13291470514
1637.8615321255004,257389.66047596242
3099.3428945499018,431474.78882978985
2116.4393614221062,324886.97897762316
4205.985019753185,616198.2509378324
4193.132723450507,612041.9424020223
2648.076791550806,432093.58242194046
2078.6859920075703,307527.49383988854
2131.5190845159254,299661.8260578789
4125.715365506981,611674.6722638696
1976.807672589254,270512.1463099498
1440.767181680807,244792.76661604646
881.0975384388807,118251.01588250182
2600.119043979838,400603.8552758491
2669.5944451392884,427561.30105509976
4284.089196813082,632610.3258976677
1495.5741340072877,234976.5687465489
2214.4607315077997,311567.38862808136
4137.8258250216095,669589.265135515
4206.306248370381,649673.5399478895
2230.749841904457,330760.34751045244
2566.058104790064,369452.04110073036
1864.7865088217732,277438.0452664735
4696.496952886904,697674.8684860052
1033.8969458371114,194143.43295555684
4701.872403506615,680770.1660816942
3577.3990332590447,539305.8834546608
2892.0746870902904,433444.44173086935
646.9657735302314,94696.66002263733
2640.1828631990375,393855.0963810888
2334.8664725122953,347908.55467443465
1225.4846538880515,201284.01940984974
3453.843215752956,530256.1712927921
4870.179083157286,738905.0947010487
3029.849649790363,393797.6602256491
3716.3897439977563,563454.3590829268
808.0270365470756,88091.26827865969
2379.5014811764763,369851.6254391879
1023.6131832402315,183031.924837445
3257.581259914297,470112.40673537354
4723.169711963696,703239.8423477003
3477.9997961223735,509712.8553172961
845.6137174148969,151550.69312737056
2095.9979224328727,316300.2460703724
2977.985207483832,481264.3687339014
2314.4349025996353,355440.319448893
4251.398047138276,642558.7106834577
4166.019521194951,626267.0638312994
3253.2395904644964,504345.7805548212
2180.560753097174,292330.3889996692
1649.0136819345987,249058.9314006
976.4344319590818,145064.23591930297
2097.039575689493,329064.31289657933
2359.276327434738,350137.4169977299
3541.203162968331,510405.78576199623
3461.7192093390804,519404.89489925606
815.4866283856563,100666.18368048158
2278.66691944021,303294.79366428184
1318.0049024781288,212243.18500142917
1205.6571739256256,192429.80754273725
4222.859673817607,642770.7699525125
688.6184752231588,129351.33972239004
2386.322941559546,344647.80342785345
1256.9164509493319,159915.18478697469
4456.985970553133,667147.300046809
3006.682309737658,444052.3404665305
1541.2128636958162,214336.01521897104
2760.922792248694,412541.4357675482
3791.6886186640213,556521.1898755115
4811.531040137452,685009.5503534812
1492.007019104385,214977.51904978257
4487.817974582053,650445.1928532306
4704.368513753706,710288.2384952743
4623.892450394298,680463.1723943317
3359.3646058785944,526137.3203646102
3334.1929449561844,532206.263088785
2314.4478493272027,360754.80485931854
3885.7904703670456,551848.0469153904
2890.823082579194,463727.38236445986
3548.471320527325,563785.107086574
2428.0605673195796,364584.89532409573
3791.734088194126,595218.6364358296
4210.12182922047,620484.7716221369
1158.9631547126726,136519.5545099091
4248.1837200840255,622021.8692401719
2931.3343930563824,474286.1762793525
4300.996590906009,615327.8901636719
2440.857678534566,366119.07741881476
2205.6821842236577,331535.2055003529
4617.773296327501,682406.5095697689
1630.261703967806,235668.8235984286
4298.9554637876445,646288.3022528708
2678.0925762923184,390470.63960515324
2813.4294914806687,393573.2537787417
1888.107266702678,287516.72886427084
3078.6899027855707,483270.817066735
1963.450383242951,311909.00785951107
676.7123640874354,85312.14526531908
1723.9937240496022,233574.5002998868
528.705695329658,73622.09665635314
4902.596541755855,766745.3114592915
4845.862444188863,739791.3282075204
2278.1988386253724,355809.1193296905
3777.668844528407,584447.465714971
2056.1274428469123,316834.4476774086
3519.9192068868924,530400.0519853054
4124.435193706906,631911.4169889953
4760.403101115084,703137.1430829022
2300.955241323524,316854.02597120224
4024.8409233022144,618186.0771878187
1696.6780278445344,279256.46629166463
4956.495367071418,721109.666273592
615.9631944395801,108832.90881425502
3215.879629255044,515997.25865602045
3467.776917430972,520121.6135795034
3596.20500683358,523070.707330202
1041.7441045509006,158721.9891531702
4723.384025629087,697496.924480349
1315.3247557253726,184964.11115967785
3302.3903145792847,504022.22853232356
1502.0423560538823,193231.76390748442
1882.473876595719,253492.5030395133
2959.0634377765596,444245.33327396284
2377.370383540594,356159.3867528405
1221.0152043942783,190023.37219994047
1269.2138108938173,227886.57940374035
2381.6515467325985,359338.0127314062
3907.773402239753,598129.4533426589
4540.840910815048,661615.4779099645
878.5744801672228,147144.92529541417
2268.967584017305,329817.32030038215
951.1050367529449,144094.1721645636
574.6661628466904,84022.95192562033
3477.734071897805,542319.5954829514
3211.022488849645,455453.84223994677
1233.586012166988,139373.12913274742
1552.1577489187885,228555.00839605977
606.6848914003327,100373.35884815239
4257.262425624816,641634.7513598725
4886.107682218481,757560.2370810504
1109.5679155761086,175182.64082000963
1541.6384619438415,219968.80265437905
4407.842857761203,614668.0255813869
4669.087090802832,695616.8189365205
2388.3232226306463,378807.66343975294
727.8011252108336,101329.21312828275
677.2632516176873,102155.89301620837
3082.774397310547,470843.3646827162
2268.0279900193054,319898.3510178995
628.9359240994453,106805.10654769314
3124.6357654065055,501437.8006110099
550.8614146506011,79172.94515972205
4043.1738116717283,583894.7833141133
1878.9477021651721,280510.1347843364
681.1610135415444,57686.4698590543
3147.58499442419,478875.81444316084
2289.579864948746,352482.4672952835
4882.101860107173,765828.0048929871
2948.89398126666,438454.2013386665
1738.5763146665372,268956.15396291
3692.4748908528863,536645.4715802149
1721.714011442201,251128.55930582856
4569.094811334043,654860.5129668624
2186.248867283194,324041.5376668144
2974.4085324929233,440055.0968035672
727.5789672090299,115120.84040313239
2417.5455707850388,350159.89801110304
4245.635928474478,638512.2962906734
4125.419624135038,612145.3425081024
1509.4335148408682,219785.03946013993
1517.355819547532,229210.6194513904
4177.873904959566,627491.5445902752
4686.792890761964,718242.4143953274
929.1241457285159,136955.7611766807
2525.2638774180136,371791.874630242
2018.5442553390303,299165.48939911
4418.098049558477,648421.4250969518
875.8621160600844,124181.09553767924
1450.0667415111684,258133.1854881399
3886.1075191392247,564662.5526569664
730.8223204154701,104050.22138473434
2716.409213214302,399711.6087167515
2489.48165605874,368478.816163923
2004.805305449369,294096.00963983743
2275.5754189351574,346921.1148646936
2884.732641186048,398506.39415007137
1226.1531127477242,204666.3963627987
3073.9814522761676,473748.8738342691
4124.445481849938,593809.390556228
3920.724184055716,542727.0821493093
1192.5495711219814,159340.9927454692
1171.6226138366326,170890.06284695244
1706.78465485211,307623.536201632
2124.8362685346674,329590.5795796856
2338.0501163381714,314555.72446709656
3558.637475750054,520002.51126448915
755.0619447462593,112195.04298647924
656.0271690172988,103477.74643855674
2263.597533247591,313244.65278093016
3637.236614620912,542885.6876335955
1370.4590433041717,191216.07374341495
3386.7701656531326,485940.3535959236
1669.2266207313476,255575.9060436812
4487.387489660823,688585.66691798
4530.604749199774,696411.5379191985
1837.792419265969,287156.58991257293
1534.9718928345824,220298.3932623821
2350.867874298041,366921.1763739763
1582.3921333106694,243539.90875868616
3525.7272948126665,531537.9318809402
4217.291080467285,620359.7996360568
3528.9145891004764,519399.66581824084
4209.577012622072,632914.2906158019
2286.464729933634,391767.1988297551
1203.4263681898738,186538.80483030886
3820.7792632891646,560893.119448369
2122.1352731369925,301672.50207116
3520.7187135310965,518272.4747765405
1717.8977389179456,301230.52978867316
865.533356630027,121844.8705755848
4966.618079694935,763130.1226464459
1202.9067856876968,172917.45294372737
4947.894472835665,747407.8617509423
4897.759696549013,750498.8599625264
4072.1814675861783,599389.1631417283
3467.403329368989,507288.26632229297
3100.131726129881,498197.1528085887
4397.4569542002555,679310.4010279543
1802.4778472876958,286185.1234669689
2604.5654561819465,406430.34428975027
3287.2548621492588,502279.73908861016
2350.35714141271,392909.0874754078
2423.689043406206,364431.5225484741
1986.28100375938,309487.39790792536
3039.0431750804123,426838.2176901816
4327.585376068022,632638.5926783786
1406.877701028408,187015.27515756036
4704.948674390486,731223.5728288959
3600.8944418670335,489083.3632396401
4204.729457060135,622663.2181039659
3002.8581168350524,390554.5854720454
4007.8251564082857,584548.0155516051
572.9017880276025,76116.28920950304
4182.711911507909,655104.2086020672
680.6248658841494,110026.28866705154
4504.610193632881,659028.6985783529
4963.832362573895,765894.1287807208
1823.3035797955001,273852.1820599202
1446.4335032860713,217716.36266705574
3944.1351373611833,567566.8404487376
1638.6185341411394,225992.50584310814
4395.030724274915,642752.6626423268
962.7916647086452,145347.97516938057
1066.7983837071122,161577.4720956803
4906.18199795277,766809.1529633964
3532.275042215021,537542.3596910099
4310.992509930287,592497.562616101
1959.482198081831,299175.16946970846
3544.17687284272,502626.2038030574
3174.0882228886876,456793.8149410724
3214.1755405532613,465882.94164846255
3571.396067919747,522442.6437177161
3089.1162790809435,435864.45402133546
2430.780661861997,368686.7393483453
1741.6521247124608,233031.77300504994
3958.615989109409,600925.7505114083
1518.225935014338,272473.31179338327
3615.594377694864,515751.97547554836
1549.9977019219698,226809.44920151102
3313.9857647950425,446628.717469007
3861.85220208063,573259.1244526919
1484.2125000794263,235486.21806454362
769.7448538758872,129874.51270852842
1089.3818434737832,164954.55112674943
3226.986352719615,501833.2214031218
4322.50882801581,699297.4149212273
702.4856955594097,139618.94808266344
3803.6806656874082,560101.6812649184
2035.9339067752346,276368.00628695043
2653.3776646378515,389883.62136420165
4679.867974305045,683040.5408334098
1993.8717713113047,308107.71665398835
2594.0162027276874,365478.5596205632
561.570866423065,82779.18131165291
867.1942400217727,146839.41709399212
1663.662160106528,247535.40655963568
625.3350836948348,74873.9860992693
3341.188967217129,524674.6262342832
2418.792605607301,325239.2719460186
2966.653412276099,438442.11072386557
1285.912336533483,192053.65001239578
1831.6941324647726,275072.2930377085
3487.210136837263,526691.441647151
4843.862256336799,738788.1348467097
726.8754812099414,108323.17340058419
4506.729443848697,668648.250934431
3095.965405900438,456243.0239918718
3037.638050400307,443415.391519279
2751.2534084349213,428438.87775177555
812.2733865688252,108910.43839579349
904.445832812723,152602.29710207335
3204.1040254658874,480995.5854650805
2034.3135714600123,294721.93958187924
4627.706299599563,706524.0892548171
2329.657418117625,334899.5342231814
1144.7665641618848,184478.66543884698
3716.234750759162,561689.73503771
1820.0903964845443,261087.06569084324
2864.616383101519,440265.153771919
3640.247534773265,556968.9247297626
4551.1885004093165,705828.6671775966
4064.8603766075425,629051.9967393173
3543.6248054272583,541369.2012286143
3558.349320778146,511200.5790925466
4756.66089814439,762470.8744851396
1831.208438734412,246608.94158872563
505.00442388284335,94735.92706807269
1723.7955172918942,267195.0039315101
1480.511208320348,198593.8337984299
3478.255633012992,519252.3261743788
3351.702198944881,501180.2721168393
3170.576222171257,501698.08764189907
573.0954944425416,71698.10616077701
3779.5012450279137,561686.2866257001
1955.8868561847119,246661.63632728154
3492.75195052984,558608.0484419476
3004.60292825969,429281.0743785521
2042.2891644255824,312881.59194862086
1105.593201968485,163810.82370083546
924.8850394721643,136772.73658515787
4241.832499005006,652472.1145481684
4632.788939367011,728343.5901111243
3424.046210439348,518636.8049647421
965.4535168721752,157919.5878834368
2309.1224759970833,352946.20213410334
3780.2264004732074,587384.5885495936
4009.1939780453063,592120.7691170694
1031.9838003098987,176305.38113481307
500.1382348042209,97230.7325335808
3704.6167064627225,577343.2461430667
2104.6827919379257,302499.4614439593
1645.1659922821711,243408.14615758185
558.0386140528644,88495.13188353836
2931.3473304267486,412285.2586674322
4330.178309416918,681425.150574258
4809.342408226646,721155.8305639533
3045.8522777598014,462556.3994160646
2815.0759748295236,410721.3074298845
882.753734701585,105875.5090178973
2969.9276069416987,433408.5433317594
2209.9058553442756,335869.9620543131
3232.1087639760963,498284.89085148834
2249.2685654444604,340626.11562872346
1581.3460555266504,244136.38865383656
927.3437385276943,132361.03328552662
1917.1330006500307,297494.92142241314
934.9017542948852,169891.9204719509
1296.0362787079277,208501.2306549689
4943.012713607956,757642.7448062523
2498.4660060797837,380650.2288981002
2893.4229492725744,403950.3409988942
4431.283379317469,643799.1762849954
4980.060052208095,756106.5238444911
3122.215022051067,468113.47226845834
4156.132194698772,632216.6869342723
1971.2346095150388,329213.6597841373
1875.84780851281,295897.89126150816
2312.166744475521,372002.7357861846
3526.2826820314212,530836.0300941278
3569.8626016479443,519335.07669750287
1918.5774559225285,286629.29520409246
1099.4446586148292,148821.6625178416
3345.7831540947886,533033.3722496672
1077.4663798494403,177427.77850812543
3103.2162870319853,475892.6929873634
3620.3995762533905,567778.8004825707
3652.7517337750323,507511.63177579036
3890.6244979681856,595356.433722081
4427.867397045491,637967.1938707362
2749.815463841548,412327.205606919
3786.1213528830704,561684.0510831163
3286.2773091462655,506176.32861387875
1339.8797290895716,205545.70514265486
615.6034019123367,119242.85375908627
1780.436235546202,255027.49211327801
2493.651678519287,388230.0395705587
3276.9767499289533,494790.97682731965
4324.816987264425,616016.7426882327
1383.1057251777454,189093.52960620116
1064.9740545431468,156748.54751102865
4835.659763634474,747594.8135430057
986.200517193832,157204.5387302171
2653.209815482351,374631.4558447384
3135.0367795698585,467449.1923745356
2936.184894083472,480783.8630883814
887.1447066482444,135296.17269405382
756.6211130162872,106946.65545099517
974.6754235746605,156036.10635132348
3135.1445774267563,485539.54820565286
2949.551994354445,433309.4322035656
1551.8335641653491,242826.5301122311
3369.983638305162,498919.7558123581
4190.303759250422,642932.1159241522
687.1053193096719,106459.66105587647
2741.584745966191,420877.0684359865
3601.896854462106,525100.8572459659
1635.403671813592,228884.8230905816
1884.969073819171,301655.3071660635
3261.370563452227,487617.6568901242
4540.708820496816,686807.0179165096
4144.659891363047,615571.0751627267
3124.0859859481257,486587.43337249174
3785.9977299076213,555743.45988555
2141.701115935094,318543.14259224647
3384.3448764444097,523371.58772072406
2597.8171600740066,413131.9279943863
1354.712614059024,192731.70628831993
3657.8222324476574,587867.0145062663
3004.090868069699,456878.46408432716
2113.797118791161,296211.00258249947
4601.026355353838,697534.9942748751
594.2035302202997,81470.5452433758
1920.979180622732,296828.2468370733
755.9662899994096,112537.81854670467
3949.3729229973223,593891.4122534012
3659.4835435120667,530690.6639950871
1991.0849843134267,318463.9722613412
3540.483059931829,507949.9116467537
2281.7175178817743,320082.3297741662
3903.1420614009544,592818.5161930929
2543.8264823151776,413630.85729083605
2355.258775242495,346236.9543450861
4706.284619697354,719962.1394086825
1628.955949508151,265810.19596349355
1042.0130299845446,172595.64324356307
3130.4440096675617,463342.4356666606
4861.948155278805,707471.2889479393
2200.2764617723396,285890.51795242383
779.1654363295169,111618.00546017967
2026.8737028930536,327592.80280520156
2776.692444438013,394020.5469704633
1228.6535298449617,198302.22642711955
3461.459981254214,500215.9465870947
4989.872250545903,750602.2891096221
2532.827641916497,394079.97857057495
2096.278505285957,301251.8670561251
2303.1687507550996,348885.00622720324
1018.1578027784051,144421.84368225417
4474.731206418007,685312.6541414645
2366.715449846084,359713.6608466054
2242.7348514117857,337540.3812003532
3468.6062281871345,551457.9334309098
2489.1503941900555,386618.68197587435
3417.0506096353074,498750.5541227703
776.5083055885439,114758.96782232635
4161.755046750024,622745.2813109104
4732.267787957312,711446.559646101
3419.444237717237,563406.8211897354
4795.5466798646485,726749.0398339172
1181.445414664835,136498.76079762971
2648.3728526615914,386399.9484648994
3208.1303027545127,442572.10366326076
3117.81491339534,461076.2718683842
2306.5780059006947,306240.4962905756
2021.3798421481763,285775.1669008579
1070.7081014768846,130191.78462885028
2262.841027530252,347109.35768888734
1231.973667974683,184806.83744878002
3804.6455442149827,576756.0777822221
1439.7392097256547,213869.8536874777
763.5438737804024,86645.626062972
2985.6476201775545,458117.5704117279
3178.533797237307,515224.5607909851
4423.608775762275,671725.5679364722
3096.4172558795685,455944.09639558394
2054.663841755506,279638.23274121695
4113.553466868442,598871.680615067
2931.255019343395,448749.0460329504
856.7612808403628,149976.5526620419
3046.3275214096097,462166.451705881
4586.083454397481,703910.2639537418
2283.4068147419925,356664.5870918437
1833.4661085491002,285150.60411008337
1145.6125565810903,158672.41158193842
1181.504848709108,180704.19754586925
2447.471679538185,350153.19585308497
3180.559208726883,477432.4603681945
862.7693232632079,136032.6691108194
4728.058650613246,742784.4737397239
3898.1012785033818,558520.5522881546
3139.807632276482,480601.29746129835
4227.9740192254585,663820.8347162907
860.8404056545098,144303.0161649524
2645.77494979906,413525.1513263598
3335.4190708774854,512066.7586689791
4228.938077532302,660307.4014253535
4025.6130202217046,582092.3896710083
1746.8116237102984,234303.21023713984
4733.960763016419,709967.4316431577
1059.5562864389167,115710.20089440332
4438.101283795184,690328.1086528378
4869.231123220783,754798.9723930263
1297.190854501815,185911.61707358173
3749.2972889170337,554979.1814043449
681.2848345009932,100745.77567213554
2324.4027131261973,349700.81997772196
2823.274846389533,426034.70534231566
3112.9035165933533,478100.169626569
4711.717617118517,703305.115507608
3525.128092823876,547633.0799931373
2665.7507804865663,408781.572615491
4143.537663196502,609391.3805620226
4777.39769429484,743311.9075003079
599.2976690703088,62729.51063809657
4921.345725152174,736358.5425563966
887.5946257865614,152477.5418894936
4164.740506709426,610249.613908171
1761.5063864813562,270417.07090754644
1094.808459892423,175088.0609238444
2479.350378712257,354692.07944721385
3397.804607514261,508221.13673525845
2214.283302605638,329012.41878666147
745.5443372721453,100796.89355417594
3197.5751284642247,525669.7663106492
4560.814742498036,668860.084305796
2224.4691467626326,353768.9778957526
1473.4974993387218,213168.60456318542
2491.5980566976696,352006.9847269448
717.6321997195139,109701.11482102846
4192.194130161237,641810.9872119356
4218.53364927584,651190.2388926896
3146.002085433328,503145.61502810055
2088.9630002227527,372249.3758321149
4099.025140006025,619864.0550760158
2996.0916115476525,436151.8982556401
4216.695388475073,641561.7948071588
3341.564566623593,495910.42598540906
4029.824629457588,622993.0170156828
3193.53346947992,453086.73449467355
2363.634806970498,401911.9118935835
4810.756369667619,738734.417345653
2935.0122119548014,406571.7514372969
3222.9028334324225,469254.8469685639
1492.1943773663716,240150.7774872345
3315.4285524227444,520841.16398684075
3072.2344226732475,435390.4108563478
1331.7727907616122,214026.43562290078
768.1419380891467,76274.49326013355
3219.61693871647,481155.8234980496
3936.6152120764423,612733.2186535305
2855.306169149037,417265.61077029596
1520.4768139384057,197933.0761080006
3499.3488951186573,527826.6301953498
860.4757697432101,116976.98812877195
2488.2516716087957,385828.9180626361
1235.1504127928908,167566.0332745724
1330.0657297694752,184057.12167235927
1410.3227712119165,171128.3692642626
2240.1817566979007,339426.1577257148
730.1759252917893,106308.29002823643
2290.070484180942,319742.8792123399
2802.6835120161536,424278.5010777649
2674.8242823484634,421765.04836515227
2222.5284518136823,329067.90890367335
4276.159736318386,646787.2994441974
1153.9701158922685,178561.74237554357
2775.635347016183,392258.70550884824
779.1863763044944,158009.67285982607
820.2005549505939,113613.0866401434
3082.396323546933,475481.7725692454
3047.082911995194,472446.7423438601
4451.150807800057,664880.7186276935
3010.4315404703293,463700.6315717421
4819.059591821826,727775.3232096016
719.126817799684,79516.22752540448
941.0345815133348,134509.73320199846
698.2963770667163,92493.43851292622
1333.74582650093,190826.97314821696
2935.7154992375513,414277.2613288999
3405.074816423426,533289.8967984346
705.1332107690096,137809.8347076197
4756.8690043051965,733090.4101657477
4289.744194926714,668872.21372195
1834.756169706919,268320.7287158747
847.3438860191059,114376.44620314514
1264.4918294857578,174102.03348662943
1071.249861897377,173568.777743751
1054.777006845261,162757.81208967214
2833.5275989958027,423484.70561740187
1606.3134912203013,266849.99456695205
2111.6287243811503,324843.1357334794
4952.774000229451,726142.947284006
3579.4141201640514,523293.94144189375
4770.413001711506,729201.8162418088
1141.5044976490203,192060.33170044498
2219.6276367465616,343977.75015710364
2996.2931147705945,487381.7421730308
845.411278499321,159511.83508952652
518.8434963258104,86647.24114588682
3516.9545020861287,510771.5621232893
3388.1878256064592,482028.4236063335
2348.549644998253,344534.81184944365
2703.3983421441467,420574.0202499451
2369.4935026644034,391956.96698589926
608.0227018019998,99552.34595851597
2009.1722279785808,324750.2900814119
1296.8701492878042,189624.3726694146
942.9088509561593,153891.7101479749
4805.241952502074,737253.4294648545
3197.1187626897454,439975.92888641125
3778.953279064712,558574.2158121766
1919.1368446975287,306864.5343901867
2269.162082723068,345863.67912119156
1566.1579725352556,210993.39491726967
936.3455193444113,91849.38038711456
1305.642368487127,188530.74036702892
4088.8132038341864,611890.2667172505
3548.956123326991,514664.9595024818
2961.179941934646,447038.6900307568
2637.9044279004565,405813.39912972634
4650.95427645256,711056.8848824088
827.3072650040078,76977.71125195472
1762.7036595706218,238119.84697943088
2074.720341068213,305115.59819313727
4020.916154957545,614580.885864381
4966.315790728871,754732.0488803315
1583.017316407189,246889.99641861187
4434.383003616863,657489.0917031508
4237.802421943061,629117.6945452599
1510.9582893879497,212077.15803975763
2296.996610896502,359913.37419659225
2343.527911816336,333119.4110176589
4901.993008369513,752299.6791592182
1314.0135562050425,201259.0981935093
4096.210869971519,613530.7409266249
2003.8672137789947,287445.8740713199
3788.916555992722,541226.6461756257
2390.049519330483,345554.3727720115
3102.61893402443,458792.7027311668
4246.75297996759,589632.4607635135
4118.745042427478,613864.6532574286
4398.904325928651,678322.7962498177
768.2779640509656,126586.05271632229
3614.227488678852,532210.0057869976
1129.9431952479329,170430.20525549448
2371.1835560828495,344554.2420239874
2968.647867746098,448272.39482862863
2312.327681360738,377651.30867899134
2838.252541113534,445107.8572195276
4984.368389593787,758071.144552923
1108.4779117078463,156413.98850850257
3539.552204013915,545931.598460984
2282.0043487352686,308563.11328282923
1098.5440950829795,159734.54462262912
1214.3154351843928,193821.54367413794
4771.728978105276,730567.7709967464
4458.206735202929,682128.7000847543
4581.688821867598,693149.9370643335
4961.89749122324,740370.1241018084
1437.419255038331,226372.4076522794
2099.477018138278,295864.33190901566
3511.4856346619003,509829.2999334201
2677.1114293729124,402801.4079351428
2382.7529002025008,360876.8878845501
2110.1506220101687,280010.2897302323
3172.012843745535,484904.85418082064
3090.170428880369,478980.1318904432
1226.5602532890803,182438.33324403613
2622.8292688329757,440913.71599062625
2990.6229929443243,434934.7468153449
3066.291224291257,452721.9403759512
1445.4823681055832,208921.01709329328
3840.2212651352907,574509.4375444733
613.3959266948134,85434.89274489619
2096.7433499442322,286375.2915995374
4010.956918410351,590712.5718368232
3037.5181447493105,453675.30779691506
1675.230946298871,275856.0835860706
3627.289037043715,588138.2210240155
3053.2592487023303,484698.36526236264
4083.0962425537423,596956.8557896093
3807.6133378542054,557225.8084656075
3245.4856491630558,483636.2758242714
2696.7995388986633,440211.1086118712
1099.3195655038553,161589.45378194042
1675.998580484227,224849.63726188542
2385.9476281268835,347868.60147997184
3196.8467915287492,494668.13876570074
2811.685348468872,435551.6078082525
1796.8303668178826,265520.2216928493
529.0896100536975,93031.73497925523
2733.0764985536625,364498.0307321127
1785.316948530094,269874.12698016805
3805.7373531974076,588074.3114069838
607.7581937171757,74506.46355448564
3131.7251508760587,453032.00190148305
4736.6340687772945,673166.1472613246
1284.8417020017478,224524.16719647605
2622.422708377679,378960.32671622053
911.3989631771217,141530.7100338105
3315.5686051760867,509413.6316060805
2977.392562683015,476850.24338528136
2333.144858957746,346893.77336394915
2846.1965966318353,416140.8936192069
4534.585963110546,683649.247437993
1383.3243603998017,233180.259590816
601.5403026740626,86827.5947730937
4377.491981145955,637526.4155402117
3097.0268707455793,433738.87444552965
4507.963049578291,651768.5097446392
3186.2535053592765,495225.8557520248
4145.724904818661,615446.246196663
2433.530135098166,352879.10206631065
3874.3696907972094,566836.1091559025
4608.686601004352,693003.9073546565
3074.5533367499283,456393.89863717754
1313.533177530708,191567.33375522113
1709.5892676358917,283424.86870159855
1393.900596038326,239845.41504298156
1610.856624180798,209428.06016893976
1878.8695220796637,288382.2829348087
2998.102040389348,434178.06408597436
3145.9623325872476,466929.32761086524
2419.2488625883752,369072.8970907902
3269.3935091937597,486154.62804044556
867.0871652511466,134672.27240022467
895.0470667617199,147716.46413489635
1273.2325716094629,196876.4217522258
2831.3487411815513,411765.58509388025
1462.9760541424112,206862.41598195522
1774.779815716598,237422.86642512897
2301.4077627784736,328132.75846635667
4153.397558046709,662251.0009449768
562.3796116078705,68516.87025927569
3422.204691064801,489463.12741084374
3509.944389683084,532890.2156893581
4093.9510116048646,611885.3565548925
4697.388225771409,700696.3691287269
590.6203202718042,116773.96736901243
1192.0266748094728,189786.53473258822
4487.770823251969,662565.7648537258
2563.333529841569,376010.5111243998
3040.6578752005857,446046.9510019742
3483.622416754163,540038.1549447296
3555.799720230368,527207.0054454925
4692.831814924287,668061.70218956
4986.272378352513,746974.4631781902
3740.708574189231,530365.766105826
1792.4954414231786,312558.9282485748
4458.885810324546,649519.5132717373
721.4941154334272,104986.82200785947
1539.8638379352328,236143.63038430767
4538.2357285867165,674962.1960744229
1652.8618149770973,242128.66421724073
1492.9297682978681,232376.01096789775
1121.5638191311127,198758.89204559248
4366.002909411124,670250.6180480146
2750.26216635989,442109.60252545436
3537.0194137436965,509620.5298996845
1575.7987283376335,242717.06191575225
3911.181894550474,589782.2052237367
3920.0249523294433,595025.5686829512
1906.6911120873506,313528.30622581404
2348.071848546273,347794.9942860999
1443.6062484359038,208430.86993430383
4894.52460495307,744858.3066913337
3405.2115967628524,475217.6849631109
4705.44746321982,701080.0785005294
1865.2349463310993,277101.28816395585
4018.5091084860037,584369.1939467621
3946.363897481339,613095.7648493324
3612.450433399437,520622.75866304984
4845.375388700602,724088.8473378144
2270.99901247842,346512.99637822236
1088.2279561539078,190303.22465260854
3522.6898665982735,528192.3512921239
3781.894102147428,586007.1872046784
3087.772580564666,477177.7950302424
1430.6805191002832,217071.2289884253
2770.051737512099,393717.49246134574
1904.8538145610823,257036.45496607537
2423.599376750101,365670.0145408989
3403.4835913009874,499668.60121709586
3853.4663421087553,596405.173149939
1545.011109056044,246668.79672037816
2323.9641229112904,344902.3985479526
1711.2270694623314,233529.80194052434
1393.842262378411,219291.05034890713
4025.2424899812727,583427.3845744879
4591.637124966466,673576.2902863526
2166.044835580595,305318.4105727862
3880.7551596819508,579343.2535134936
4536.47880213985,703875.6670023887
4307.558947386042,646033.0247034357
1322.6602484265165,189534.66341542357
4803.313466810126,689984.7214206139
2195.043981932581,340299.08898448397
2026.5829752822635,288379.354173767
780.9409727500115,119491.49829566367
2687.7814434719735,396082.84420246317
990.5612703841791,165347.7349496156
1618.429194173417,239619.6512854415
1926.2417979527663,287757.7426024539
4139.718455712578,630672.711305996
4439.698926781534,708093.6426624937
1861.0984285766135,296933.7028936631
4364.1415456005825,652849.1097131151
4357.53921816406,653694.8425369147
3940.9292767319307,580642.202303301
1160.128013068317,155019.28788985364
3606.4528110532806,529912.9059166657
4752.608290612559,697448.2643176451
3571.4321544522068,548782.1908437487
1992.2758209852527,277417.4759904082
2752.606928438741,439555.250493412
3405.762695079741,525905.3319343377
2797.566839278266,420045.0604790932
1039.7882377893643,155974.607897706
1904.2882009340929,274497.6039478228
4110.7821374913465,622019.0088506573
4376.3812074298285,678219.0303786461
1117.850147220066,153614.3928378936
4785.740385794261,687193.2160907645
1979.701780318742,311019.6321449462
3480.41182428824,528549.093128112
3883.213156805065,560077.9974919361
4153.758055870476,608395.8809622889
4755.873660016686,696198.9635215
1908.1379661297017,271730.0495387703
4363.279045481995,648018.2017414755
1092.5910654629315,158557.71373382478
3672.6840785911672,537886.7386873058
3838.8997828129363,560671.6910319418
3549.754585405942,527887.5009325037
1635.4163126081885,248666.2775884195
4428.694161568415,657978.1935079654
1259.8630851667776,212152.80324184266
741.3565618437387,121365.23856497653
3728.592457753605,527471.9515258668
2639.6407185473017,406420.66309037234
4320.941089814042,660252.043123818
2225.2871347621654,325098.370851841
1257.2536482847077,158684.09549664304
4263.989866114414,639759.8151053848
2970.0933423803226,445359.8283274035
1351.3810657565969,180274.23513282565
3741.727993639006,532234.8147206522
2800.0113732027526,418250.6350513441
3219.408420081439,478249.7191711994
2574.0425219296185,377761.0709829949
4229.190427181029,632710.3493822232
4233.032220573725,612899.3056096523
3692.249698209738,545141.0424741386
974.3061982840802,156812.43035489897
4274.84237856831,634226.9551782208
3519.5584123980943,494494.3124238631
3636.608747019348,536037.4664984307
2133.422781817422,298610.2480024761
4456.7580027065305,673856.4263352142
3764.1722010568587,571002.5782261372
1006.657099381375,117823.07240548564
2335.001154827732,365430.4326358036
4488.711628820638,651063.0182975245
712.3851576382054,138041.41945537785
4826.374788389223,722980.6929683711
3556.2315574380327,508506.8636449217
3341.191899395195,478339.0634954256
1717.5166541959613,264589.4039651411
1619.5630493262968,235108.45960097696
4739.26198769868,708956.2199624393
1842.2260440535524,308589.51126197365
3989.7738352354972,584481.1940007431
2269.048091931856,341556.47094369255
1126.643318531168,197393.38752713628
548.2188396291152,87643.09545369529
2949.1580165686287,410241.6477781342
4891.004683470197,743758.4827551723
2161.11287214142,300906.87366554415
2107.3655029687015,344240.9760199645
2048.412280322489,290804.4899484138
2842.447267871863,485757.28033569275
2482.9919754093207,401796.31607795163
4459.615820271565,653010.1216481752
2774.8435627557064,416626.8105133882
2784.9102718485597,432809.4264099532
1122.6721762425047,184074.03592090987
4922.3279340967365,747195.9153140344
1624.8780089097336,268774.8820757822
830.138303568212,122061.36660254441
3484.15812038844,515289.36468674534
3179.1486657059268,469935.0200973968
2368.155442967356,372390.78108454595
2399.865052463051,367283.3786755106
4032.78764470894,610743.8200201462
1380.7068804484206,223010.71705240672
4191.139935252004,587649.9421307235
3419.3620125275816,519105.6783566402
2385.3639820078597,362175.97507865325
2561.128774627409,417545.4778201254
1654.912432337431,217665.1052053413
3884.5144971363866,613820.9072179932
2807.9363403737048,422698.63363454904
1943.8454423742962,301356.60696934536
3182.225520924276,510852.20389082894
4980.805034230953,758335.9804947545
2458.680258454492,376809.40455742506
4643.111303503788,701312.5192416146
2052.5757796605476,298216.80424919457
746.2971811624365,111374.7946841576
1419.08947865793,198553.16647623453
2384.128144974579,356727.8837576772
1488.3571786755606,176534.96286023216
501.02167198214994,83734.04214867346
4617.506919863873,690191.2929039084
4297.45735053918,637894.5278475417
3840.315041691262,580442.4179324922
1255.165680407129,159603.57360176052
1041.6360929449372,194830.81387416623
804.2213726257241,118577.85666410663
3758.1313494781457,560802.8137622781
4679.635823095484,682637.4492616641
2437.4111941086667,366090.60676528525
1036.1330239822169,183159.15140279813
2805.7676932944796,441583.4781828126
2069.7435835638353,327550.2925573864
2186.7121595749895,338934.80296959385
3295.9878087006828,487227.3207538502
3734.2315096799107,531131.4631112525
997.7161949292238,145636.6538020509
660.1560386291437,94305.97650369801
4974.486362085717,767148.8431062823
1547.2775701199832,238279.4443671939
742.2373620880659,143581.83487128085
1354.43898093164,227115.61794050946
675.310308568089,92166.63409513143
2263.1490257772725,303569.7699341935
4110.808030030959,644332.7091834735
2035.6000239097427,332527.7080510763
2498.8253309526494,347499.56782485294
3540.1404810534746,561205.8725545711
2790.023315314461,426145.84070901945
4376.505587095959,659689.5480269069
4397.160537705904,691869.7457408322
544.5981297101914,108583.422921141
4001.208379174396,613207.8759160636
2573.3012010875323,395459.5214793695
4949.782435866484,754795.2511905798
2674.544341439458,393180.5025382682
4941.0317542473385,740052.7341424543
3895.5621254258144,566287.9757219814
1618.7219807598785,236147.5015992034
2922.7774067913097,431083.9334453178
4964.610377653622,731985.44925561
4358.887734883657,656568.0902855177
938.1510220604949,134243.0362950627
3678.673985644982,561845.7922537868
2055.1081364186584,275819.80819692346
531.4201784615665,77445.93088708898
2315.6643606214984,349980.6868967747
1556.3948977623709,227246.64986761802
4184.911717342122,624288.9036051336
2017.9877398059448,270993.2407562946
4223.8566227921765,640708.0355122163
502.6907247565789,88355.72836482823
1885.186175117536,292648.6721517058
1585.2434643849288,258561.060846583
1551.0531248087493,236688.56083696242
806.8397889445821,130599.59195470606
1342.0592168472576,204430.69729622567
2999.9730644852893,463746.97406464326
1811.12482776985,240124.13144283506
2378.276520481166,338869.8587126147
2195.900961562348,361123.137375014
4441.572162499526,617027.1079330047
4573.84549554732,683273.2657355912
2718.3063724513704,431191.45505986694
1985.7017764202199,295990.0531521977
980.6031680106364,138990.25377258152
4790.3129572194275,721135.3771192201
771.0212520513385,108590.78420765184
1839.4262490572619,276530.927213728
1841.2979052650187,262527.0650593502
1941.805787630967,313444.3565437595
1239.2907947258418,214358.9176301895
4024.2264391566373,600966.1594312631
1051.2403788469514,129956.26841321785
3357.0799661892324,493085.13152211695
1057.3071201761786,154916.2948243675
817.4103691683044,132722.33291330983
4592.432766586444,668704.650524553
1355.5794484341754,187953.6708922833
4195.625695518669,639557.3770849765
2950.8389199821113,461404.01463810785
850.3543382394632,115121.2698325058
4799.516861471304,693263.1881416757
1611.3252514635165,307381.15174528514
4368.404054086729,670926.6928547836
1259.6450260305387,183606.67866924018
4342.742969638338,668792.0709563675
559.5296580738229,81440.31611678499
2803.0120545626633,437794.94596640323
3962.4916073970057,597561.6050650752
4706.579828717525,707812.4122709802
4591.409612929192,686439.804574763
4188.311912964402,599299.1602753984
4496.861073475869,713291.0590092432
1396.4885862668443,190642.60953467176
1778.8293307027795,239623.92807920504
1800.3583621447633,265796.5566665872
2196.7426895076446,310281.9671559366
2269.9430167333494,339457.196698797
2950.49896094604,456330.12111314136
1219.4589351489863,202824.8982829324
3610.6099870369517,557886.1124879763
1254.0494268702791,181994.77293482827
1896.388169470464,285450.0619738013
2765.0530877276933,422915.5441771038
4083.982526855648,577441.6305495057
3827.611549574273,585553.4264385381
3404.9046038473502,481589.7048254259
1200.9796726107656,220953.88286974462
2961.7040552700996,436165.3065976811
893.5092580994844,130328.88517103085
2198.1342955849286,314326.0023529822
2360.8243863048165,341524.2573086087
679.1514775058922,147354.59300874863
1732.9464476148733,278749.36091469694
4800.422602699202,689079.3415019235
4791.346735233603,748786.268298745
2085.471744136427,336685.6071232927
693.9504902674582,98468.32429435298
1305.927226976817,202023.02288711932
2264.9800704509307,339448.12897921813
4765.008640861534,754202.8942181688
1135.395785917332,154383.564107758
3935.821296506955,593293.4066715578
989.0714271861143,139797.80745806106
4915.659098260746,708688.0566467547
2217.2742459911074,376423.90199976583
3988.555425045752,574651.9821748146
2041.6598726500931,310651.5646472695
3324.509947214639,463862.4799545891
1364.0723813301652,196629.4464146629
1157.0945868363315,182003.56445411887
4721.288628056591,691698.6146184414
4629.412750569951,706147.9496002056
4493.610230957971,668660.712805934
3314.4505257496708,520369.2291104229
4137.206950473252,647816.2608377922
810.666216101187,109865.03720057782
2006.5506885080563,302517.26046406757
1911.664061407203,290418.6937405251
3360.4039487867594,516447.5782267079
2101.8099806178825,315559.1370175677
1168.2805173965635,179046.29679634137
3184.1018393609465,472747.1464082396
4164.727643010867,627013.9437910704
2219.5557250698794,358892.16263118456
1095.2092179431677,177203.04751571224
1385.0968879077036,221789.64597502293
1568.674873262228,249762.63747204578
1849.539168475413,274354.69971369125
3392.577817278391,515263.21346334927
3204.2546804197355,458934.7284962454
3632.3593770516763,570230.0596840907
2131.2589303918094,264029.630911907
4207.989433459903,629455.4471722769
1418.394475200921,235577.09082314366
2610.6833638316925,364325.145902167
4104.224246936436,623629.2353928025
1310.7139147967866,182991.75828793747
994.3840118335233,141781.53647125114
4476.577854595954,690405.4974021817
2043.1834824163816,310438.6608801602
3577.415562090644,495925.21695590933
614.0687191877232,72581.7970835265
3605.2109978425233,560288.3643741537
1922.4559019613673,297347.239658065
750.8338411434878,147587.78762200885
3244.1574269665266,520276.56592524494
1583.6171723292796,230697.67324645608
2240.63258923346,386159.64448640874
862.6136552893112,129881.64169043489
1162.234629927254,155081.8238009076
1840.897559731297,263461.836641483
903.9177525207072,90453.1607723177
4598.718191088418,721948.1088282485
527.2116943279029,110976.99393006272
2677.3709848894014,381295.49895714375
1054.6135615964815,153634.34847183412
1884.5559026507683,284595.5362798668
4667.268019182195,680883.141834487
1227.6254897329409,149041.78283451792
4846.245438732497,722729.6637343364
1426.0746964523978,207489.61587867473
3837.047488100733,567788.8983953344
2960.047692037903,448461.4750577047
4480.154274185416,700613.5342983323
2992.9696497640894,442883.5930707789
2905.516486203389,439236.3329049356
1379.5610016577994,221471.56072356863
1248.0321292324643,198287.67791512463
4624.201180019814,681341.7065140152
1975.2718948251534,298218.3266860537
2174.3701473330316,337106.31850333576
3919.206462927748,565313.9426889466
2024.705670902633,328976.6308513251
4784.281009875513,746273.9295856091
3820.6749604946012,558645.6389653003
3188.43159158039,482138.13910402183
4464.028222451387,682449.7985011287
723.2265875726723,97571.70500932579
1656.7821148514392,258149.59414147778
2592.6635039940948,392164.6381249575
1521.4034276218445,198852.15059050065
3847.5733428596836,586319.2277485237
4636.436139741763,673462.5726358438
2406.9655396891553,379828.88798661425
2039.5967005035272,292515.28357285133
4826.978294619048,720821.0355196343
2501.8359477239337,402720.97042752156
2700.7178020217743,415035.30323384306
2082.424425538574,290774.18543929514
4592.968128554623,668646.8878672118
3060.2996747683283,447058.89544277475
3929.7856423174007,597360.7280147434
4153.130232578988,630135.5311855037
2038.3206886276619,288886.0572008919
2451.62449094171,344399.48392896936
4318.122984828191,653350.1158259453
2134.649082541146,316560.1610653687
4072.7081005333307,654050.5328289544
4734.465451584967,710901.8908690066
3304.4466788060313,531952.0583749101
3837.3227935335,552190.7470679382
4122.937904185107,586976.426836532
4302.678420034891,623000.060354723
2277.7400203555817,365443.5986824066
730.6855662919918,144724.86673766945
2308.443220565328,330622.8940057465
3531.903034028404,520574.13450906944
2526.576736013568,355606.8921977852
3870.3341788717935,544317.3298884013
2106.4209326089876,330331.37384688074
3356.348634968133,507912.7013044632
1338.8891218428857,201043.12792991038
3872.162464902306,552823.2389920783
2955.631859658616,476143.91258536564
1418.2897484597027,202676.32750796594
1813.6002807401326,282712.5706073494
3868.739188618246,551219.6501878423
2671.705560476843,396945.33027912566
1472.141481768825,226648.71139009544
4852.720356666339,734449.5578610171
3718.0625891759955,560802.3592411318
4807.106746429083,730956.4618053378
2421.9727041215447,340685.49649757246
2637.9515331127423,399640.1820757045
4540.798472832586,683394.9245944935
2862.722031104231,434041.75834953587
3682.7551035755023,553860.1698827089
1634.7779487298849,219752.43683121476
2510.2691091618826,350184.3713321029
1055.524396146598,114043.2957042987
1426.9101614463275,230387.21441385508
504.2453687043399,92189.95550035496
676.692732418971,118374.91568728804
4897.7772042961815,740802.3798936562
1590.5916281154305,195926.35986295238
3484.898192768009,502200.519079496
4275.948644598252,644800.6050416001
2977.972066564539,449406.17004051676
1189.1502503778029,173917.57329363
3776.523968012749,573856.9392600773
3201.1313454481237,480402.7359709235
3790.6276520631877,571009.5571205054
3963.859802856892,581797.6637718935
4889.346654581353,753042.2179096347
3081.0347601201947,453539.7818444215
2037.3850071077081,278994.7694057437
3418.0905060510668,497293.59565128543
807.9831915918176,114228.15491153303
4538.287932447138,700623.2456344476
1037.2145510218857,154736.822684587
1975.2927704861822,292570.95119361434
4170.854212817544,600654.863427379
3187.905702488203,493895.507169822
2271.3598412484894,327664.93310680566
2630.4604671875964,392568.5128993127
4345.463269409811,681423.1519491088
2030.0197372695147,314678.2272114133
4413.423581654771,629448.4562939121
896.6049393951117,99100.5361822173
3995.5929674388385,598052.7361134408
4313.964348746314,622839.840014451
1318.1794377680244,210697.85061786362
2436.5593956749017,366329.17065053486
1244.7489859864504,190020.04327844482
3679.7185804739797,537822.9234382499
2909.064956277455,471187.4165473524
3358.955060187445,560695.1335883259
1384.1913513029501,202057.00822030823
1452.8563792358877,224989.2418536832
686.7379647945786,104959.04158047304
1949.3039083807837,287201.8489882962
3018.850976001537,436186.23704557464
4360.70711298798,632406.7071985875
3501.1735135640633,502464.081724099
2459.2834552988816,376997.3188058152
4789.04051477362,707962.5876519703
3736.603402591243,508924.65338587586
4685.743412881475,711758.6763441877
2874.1458797247456,430356.65630942874
1665.0692365691282,276693.8455133921
737.7200886412489,118120.46123800753
3767.381831677327,535533.8028253932
1045.8634910249034,112285.99083913589
1862.4880772238523,264983.7638968191
2896.119085477538,421915.7144077577
3039.8746450088647,474844.380771333
3202.624386442112,480216.2393205253
1248.148986573653,209896.11794801813
2208.8183216974194,304826.0871405602
3277.3740220263503,510911.3909915615
4864.1848908520315,744047.5166964231
3774.3401196485993,525786.335718666
4651.71690692281,724209.892863637
3929.9542624137966,591362.3091973966
3162.726360015802,482249.8440797404
1364.1051611135504,187317.85191846412
3500.085433516309,550517.7552858858
3305.208046819582,472064.16043815983
3211.111267057699,498308.5304261338
2704.0364059470835,422017.61041023594
2878.9547179517403,412359.8591293166
2004.9913720314682,340416.1777931717
2836.9071168903643,430166.637137905
1389.0015755531522,221428.08853839332
4123.284788121695,587950.3023115392
1335.9962961441852,242754.0444817991
882.3483045025989,107861.10687088803
2463.107118607208,389963.7964463998
3462.383477777278,499462.0873079578
2469.725712200936,358079.08077318675
1745.3935937808888,277584.11994484224
3011.7703275069834,472316.60339955066
2061.5105093549,283800.891420953
4697.904605569849,726495.1342166172
4651.903128216074,718685.079135075
2760.6731898744297,395341.9103042666
1975.4779730821633,328294.6478341467
3817.095862804876,543427.2268557707
665.2082456737999,87285.78519551767
2636.4605271964306,405049.1315613044
2013.4552742165008,284946.965438423
4642.411482961496,701638.1041578113
554.0136227270715,87923.56498512664
2987.6669407325708,444408.5557114312
3832.986114799817,591595.9279917838
2682.5809438581855,397819.925725575
884.3136357322475,137277.86673611324
4876.07625512556,754340.875818592
2831.0469411924405,440470.7653793829
3263.838099435551,505296.06073161686
1564.744022183783,211728.01128323184
2675.7413829806173,411857.05895711906
2431.1727138124484,347105.93125247717
837.0312890089268,99926.3937557785
977.7215909636025,145224.111718841
4268.626338284485,622208.047009641
1579.189784929656,252690.82211624796
1377.3122217438374,222887.5424554821
2772.1015306256268,377762.70486521523
3959.3620911313083,577338.2628781584
778.7593336054456,87618.16660245685
3095.6356383721513,455092.7602239649
1036.44699278258,164570.5623147635
664.0747287152831,94765.44734372469
737.3477847299782,98806.98289615402
4253.738486937986,664064.3035769607
1030.876176326277,108534.28299701575
703.1811398553137,130214.60884866155
2470.5494921431055,359696.6579583561
4297.970623739111,643133.4133586108
1680.8376942018588,241578.38737587666
2397.7067788666236,390513.7789407759
679.6513965368805,77328.1395444269
2520.8533136069414,378362.7244354799
3099.2588628671015,475437.60246726515
3069.0817418846514,428142.20592499437
1995.9201147846431,280990.0538087734
1919.8993129841099,285021.3262776519
979.8062852146904,129237.64208851606
2150.592442908208,306277.0310118482
947.726009928341,135161.6482277224
3949.681751204232,605443.8893135583
4848.234339866836,720380.7954424625
4865.335055000181,751368.782139486
4392.819947189272,638967.8364252037
3203.564672028286,455496.25559477386
3653.89563759746,586611.2537540416
1783.4261120618633,254354.75425596925
3338.4668907767928,474551.7934750757
2550.4229724794486,347722.3670364807
2669.0780289961963,421863.77342560823
3909.9945216882106,579673.0879600304
1768.6326001876323,260220.6953268169
1931.1782526253394,286492.7036620681
4660.888060078865,719392.0667052254
753.0093268293751,109360.80234488787
2685.354342860032,449684.22700565733
4607.603601835378,693815.7517563913
3246.6335351817065,508230.7256164224
2958.8318339545945,459929.5722512773
1623.8488065320985,242848.374574654
2044.7397007900172,294971.53539809334
4334.217871121118,656771.9592394988
3016.481592958062,462674.2135678548
2816.3398719055094,410999.25982329587
948.1087109301302,145543.08395853263
572.1267040480541,110543.10517240003
4836.583349091721,766886.4571451517
2196.4377527907873,346553.0493256065
3214.4587794477693,519424.01064477104
858.7178293427825,116220.19017728826
3574.0142857537094,550139.7879042423
4696.5501891768245,731252.918548149
3090.4936384883886,445647.37911381834
1067.5189506893475,150416.04036250195
3117.746873630645,502420.1262813017
3948.5624589709355,572782.3917299015
2328.874414583084,322508.5615343484
4459.269865736605,699450.111333281
3419.07329010814,536796.2580158297
4546.620132301411,690635.424724887
3305.7739006130173,494951.869999036
1090.795874021709,154848.89099115672
1893.612699973351,289680.8824721837
1408.077267136056,242807.72921843937
4589.7192397258805,693229.2084817236
3921.800302793672,631609.2307639902
3543.7926600950273,513610.0593014495
1854.3484383422976,277758.65066477924
1328.2014742259607,191769.0477806158
3904.0298959501033,563901.6535292688
2633.7107564558587,391994.9388081857
1516.052984677831,235754.53373488344
3274.798901743738,501704.4388606013
681.5023346230339,145634.3937723462
1967.7661435771408,304454.2709310423
2608.506475660106,414278.7074226082
1165.8125034923264,176193.76044982846
4930.945149158778,773202.8843828687
1440.938140653264,264109.706809751
1086.589085194695,173610.06539872324
1415.9069324910338,192532.85956462345
3960.775099218759,583140.1644272704
2414.7754667232925,367855.00607259717
3044.371728886421,465785.72003797605
594.5412064386234,103149.68365348094
654.9408885799155,107445.08691158815
2506.2149742215724,376071.9444583546
4174.948594407306,613518.3203370533
4483.574954184043,680559.0083528911
890.179554180381,170626.6802766703
2922.6339594546025,458793.6660267455
4609.533588256717,702124.1172312315
2245.8773947904883,357472.94769502827
4233.046241427659,627535.6556361319
1101.630444797463,155079.26379795306
4709.275203505094,691435.5784384445
3881.404928890862,579705.0068782405
4736.004767541058,701960.5971969771
3544.777550986279,555882.1274609846
2135.3176939974214,310791.1857459694
4721.815276361251,692217.8571296893
1740.0504933913032,299859.11758530815
1994.7763492777965,290188.94777004264
3653.6378810078313,551116.2512961817
3943.923347864238,600614.958674504
4682.315677321192,679613.4892197625
1421.6108407529427,237951.30150300282
4090.9911584865076,626391.0545812007
3823.4572402863355,604686.2662805659
787.0755031411904,104476.88672681656
2242.5041354459313,338358.1361664129
1772.4445567704436,266653.79861545045
1870.2069095931367,285808.806325971
4923.260957996154,709396.8487278798
3392.4983606596757,511091.4816727958
3729.542710070748,530902.1282821373
4894.779367917541,741383.5866115696
2197.408021059374,287038.2206685357
4108.280758037627,579210.3770198323
2455.389334870229,384679.37455933436
4412.901523167409,650998.4593712158
1312.9589359008642,177186.6789124848
4764.587796789258,740105.0819398998
1484.4726878489587,229223.4275239121
1967.992281414192,312640.6461228045
3902.8650534805124,582104.9165756603
2271.89813704433,394377.2944346496
3236.95119544901,473452.4021061556
2500.5807548124285,409977.02420906204
3840.6647169040184,574872.3867336045
1527.4906356587487,196033.3874505574
763.0609425659466,124116.11629985415
1849.682288628798,283747.59452342294
2634.388991907936,374131.9125014058
1256.0902348670536,169969.14968736374
2096.587803453749,313994.2176563625
2299.9235823210583,351983.4936531184
758.2632965972309,64326.228831996625
3124.8826168289206,489794.82157481415
4479.545425870794,662041.8544043195
1182.843108288736,150791.51655534687
3190.136060306813,497341.7400750605
3491.326422098808,523226.60372645204
2387.0060618867974,382374.22481866466
3654.939143139215,556999.9167304774
2348.291945709554,352213.5017974722
2770.867795898457,412575.57048516546
533.0887004949215,89617.56028536097
3612.7405136060997,533640.4518647284
3476.04205525126,504354.856512759
672.8039479685506,113118.77464837546
2157.1254832780987,320679.0656628262
4905.643283562503,736517.8454957556
2393.3145315587753,380784.77645690844
2758.754323093288,411535.61630927835
4594.685711718734,689503.535268646
3727.678441395904,547158.775980367
3119.315590059006,476512.1371884879
4090.1210660348265,620514.7181588258
4389.64819905188,676462.732493593
2555.9963228177007,371816.8716825176
2637.9876421932595,386541.80693718523
2237.229210433261,351427.12954789854
4850.1776300830725,732570.9045797181
3637.2481443065767,527462.8591221326
874.5037979363253,157306.6510451388
4383.318304908583,623528.7343682824
2662.519733763206,415063.65512975596
809.3925789011936,96104.64611521512
2973.7276482349,483774.9175649455
2377.2392553906593,325693.8937704864
4449.872321881812,690525.8613197268
1417.9757162422432,211063.6702361116
4219.090742714823,625531.5600104487
3009.5991103345373,455147.79967953585
745.7463644606107,124499.96145224787
4873.303855964681,712907.5683480848
2806.7685984643995,404699.5352662885
1808.9458440421213,284333.9739085759
2612.3307889516614,357702.7592697572
4360.360025828701,642369.4220104633
1872.0640597327858,341623.3480431067
1367.0437841901514,185696.3083367371
1080.8206111889665,185079.14751354003
1840.3672927559505,264336.0785391163
4010.2163916801956,611713.3616479723
2622.3186433786777,406434.91031872603
1523.66721662093,251129.21719679848
1247.8324982438712,183169.79820032517
1997.282644296706,339370.089419603
4729.65967798569,697662.2204061499
2043.6202066551098,311227.43927025766
4946.558341795859,746889.2899137309
2683.5370509441027,380091.19524262706
1306.237632305679,190218.19974626944
4510.130413070792,679749.831945387
2571.599179106721,377097.45600341976
3693.52104577036,602846.6361746847
4926.702124441183,722232.8451941867
725.789076439883,132456.850828791
935.1255190440521,157398.02411958354
3742.055336582403,561031.057797275
1768.212514829624,247927.69614739867
1329.3562862754457,184038.33653348143
677.1284591887827,91209.92289398721
598.3102039379081,54031.704951760956
3985.185214039059,577708.4735898729
1104.9504231629749,136093.03316717336
2604.742771870179,417628.91584408114
3226.5356683076734,496349.5980939154
2427.583102559808,379856.94736128044
621.979935513049,105073.6293577963
4025.75676164559,607202.8667135218
547.3095104374407,111310.03320819886
3928.504524698678,577060.4255901669
4519.870222046552,680113.9264143237
2447.7796447572755,382108.1232700738
2909.941128940092,410066.9847038912
2646.425266779442,458895.5679397673
2251.4387838054745,338287.13282637286
4493.410409166621,676851.350386505
4522.700798014957,703542.6803357421
2011.1736408869053,319975.15279324027
3267.8138930661407,490933.6443478503
4671.084029656388,703265.1932104192
4829.263245236082,694306.5161664527
2790.315681899214,407418.0367278826
2537.7116237794708,391000.94789009984
1754.124421678366,271996.5200326126
4814.923429356845,746661.8294036086
1142.664370127903,168989.634354719
3109.2330922147626,438639.233563597
1771.476203833875,286856.0391905948
1755.5373065650847,292052.382908403
2322.358643192848,366318.6879360518
4994.5682111704455,745912.5582584171
747.3483807791993,132989.97815441148
3103.4381819158916,534093.936847548
871.5747111587473,133039.2529626216
1195.3437349573355,153066.82639869786
2478.033237978044,359979.2847056635
2797.070591058986,432070.10866492894
1664.565837640358,217588.78942809245
1924.0570889348728,291996.6248384723
891.3515911516988,141309.47167907248
1864.4890272991274,310375.78889112215
4849.512977212448,753630.8437029533
4751.183217526168,729969.1784639606
2006.9523056164326,257789.2656321743
3068.842713254427,478747.46954912256
4593.17925999925,703087.1567210923
527.827201884035,84292.96782417218
4148.076066519163,587606.9674549648
4767.662987550136,699613.9699487791
910.9658045010068,113308.41528446971
1226.5145871481445,143677.01928207985
4823.358362471099,723445.451342369
2918.9306463815583,421883.15452837816
563.8848551227567,137088.83987379173
1659.3439944358813,245526.160376624
2524.7465342098685,404587.04324879945
3618.0900996114547,511331.5344478537
3799.2217016155982,559281.4635222423
4979.396808164553,748847.4787453692
1793.8003972269155,250906.98061188392
2921.9904584081387,429854.5550651259
2899.9559653682227,430634.3766803626
2325.403667512569,344132.3904179875
1261.2285222908909,226286.64980434056
4898.554534327292,742347.705857724
4339.927339999637,660579.3122587716
2742.4986273240675,422167.8895855115
3214.604402078134,494443.18785846233
1522.6747410184803,226743.47147527474
2947.041816762861,435641.3450848522
3627.3655990466414,547441.1610473618
2818.2516277396494,445873.82313921687
4956.283267632236,765967.2539135631
3251.0374531147677,482847.6484534469
2169.3817066647607,340764.1298930764
3974.6841242712717,592310.9253798975
1267.0813021173892,190739.60630631328
2230.321161678199,325077.7066206459
2061.315276699136,305564.38872674573
2443.1319279849977,393296.39058874326
4018.0092166792683,604549.8054486751
2678.7786447353337,404522.44688134646
4073.065026196832,582015.3983443656
3094.2000641293967,457945.13146675494
2039.3124559589992,301070.5703189553
4144.904346575626,605152.7822774758
1572.3035174889121,236278.8358574081
1509.7234090990796,217874.86556030886
2770.263158246761,417139.3908418858
1673.8216068294,253503.30122078868
540.8916572804734,62018.661435618116
3417.338872844607,504626.7952770273
2799.922196625791,421535.8151490853
2504.8301652192254,399410.5134060183
4851.358315782419,732838.1308232776
3070.3963278331116,447320.7455766182
4385.442100052231,665796.4101927116
1127.5260629232207,203279.8872249183
3061.4290840824247,477548.49206414405
4405.908320289063,671836.7786520718
3123.975907759541,483108.18967357755
3731.0638015715067,588458.6510642986
2174.196055154933,347641.94415359315
916.0228266667998,148738.63162237313
2560.5513280718214,405455.5436025749
2275.1572587748587,319640.5668909476
4401.770820705263,630220.3180589838
1597.9788605861252,242838.80210079538
4850.304023907986,728919.2177792087
4811.621539120232,710865.0297977697
1614.3423938214742,258668.41246977533
2066.233799647942,272677.7982181666
4530.000833932483,668804.6799687165
4849.7999940324835,717770.8882073202
2495.475962762198,341595.3587123405
1944.48670538404,321567.6259529921
2867.423059631939,402929.43357152434
3594.961428645807,527477.4131507173
1730.635319187409,277754.89303421404
3814.1292857858275,585040.2997364488
732.4581070158847,87705.22212268777
721.825217439874,121923.56680119383
2238.2946731549537,341539.8905464075
2090.6293642732426,360255.11588321574
1920.3494691521853,296131.2286941939
2709.588932010095,403613.5033801436
1943.3011204020706,274365.12891792215
1365.1606331064136,189889.2276268506
1892.6129708987041,267376.56372544245
4887.069227646058,760482.3604251471
2350.0103764768187,352860.9547718522
2501.2074958625108,386486.0668588712
3094.45245478013,494452.8202166373
4925.0334578640195,691585.7358354536
1587.2057439609337,263658.3368881475
3565.7694973959524,535973.3628450596
3721.9311209377584,566990.6355734726
3232.9598755687966,468375.9169003545
898.6025283648983,119687.89128576436
3545.925241224094,541665.7039798738
788.4261996627897,165955.88595604783
3182.641922974536,497462.55470247846
3828.1152974978418,599527.753053047
1449.3645077897768,213564.6507632381
4287.299033942483,631090.77059966
636.5921248985192,79872.719703198
4297.157886462377,634808.2084754228
2571.4807278924427,344666.4605204559
1479.1457296924002,207373.472596028
1102.001652472856,154093.18474973153
4789.882254120676,714975.1746302047
826.9951441152052,126684.27381222662
1395.9203897116654,216637.075829262
2065.200563448707,309481.5770684468
3291.0568203250423,482029.6613219012
2951.604883742443,403473.559696056
1065.395715855413,148303.18521027607
1803.7759268219659,251117.3762695548
1574.3829698871084,245478.78044863834
1460.9428452065363,237327.1747148543
2350.1495141599416,371293.84846519004
3668.141536662456,565360.2852219248
1478.5381949775617,219110.21453758448
2150.054958663416,312069.13248999446
2259.1284207852304,323927.2080444433
4894.054382459346,703958.1790368669
4795.99860595581,739236.8649035286
4100.619122384342,611598.6475990518
1587.4651436863332,213192.9656805325
806.1679134125136,104395.35949767235
1926.0686197428115,271570.8238327707
1700.5754724522387,255946.81056813835
2776.6661006587724,437849.2721202296
3999.7755953050687,593006.5483038486
4362.453224954861,609317.3134475562
4301.888384347289,641499.6509489149
2118.540025503805,314657.1258236268
3592.554545573073,534384.7772172506
1907.7538888589902,273613.8599993345
774.0749445583222,120460.02329826517
3657.0436952132404,549879.3765849661
544.2239865640453,81136.99170207385
2341.3216435631984,359451.0737633391
1982.2067118593409,288734.35031594406
3620.198923334836,533298.1251062122
3948.104627421705,619818.1599049637
1868.4258618707772,291450.9874749253
4152.321565001841,639387.1559691322
1822.6254222722018,297915.9050475116
2508.4686199395255,386789.1766034248
3771.5833715636027,584305.2793172639
3618.1410315115486,511134.2514853271
4943.158125404901,745556.7962506555
1513.2246089716934,223329.32210946747
3480.4306109281206,555618.2734572142
3243.568587240998,505088.1987222157
4617.943045205135,680082.5529649066
1203.6296374019378,188000.32878087478
3883.0917361411985,585817.3870901646
3057.2087732094574,467667.9446444632
1735.9964140455743,240022.6127193431
2634.9571136622835,402443.89635410707
2001.99468681409,295736.17603634886
3106.9103125480738,471685.5421633231
4500.5027486659965,660587.7089974561
3061.872429854909,447579.60105030437
3342.7508824696283,524889.4727777783
2834.3653120161925,404123.84563562565
730.2447790046416,89981.62882985527
1547.8635059424241,231147.90074705207
2714.0077824443724,391663.3598629368
1896.0587768511714,266708.2438824198
1317.936189925374,199791.94791297198
2768.5977886329724,385188.35115687177
1952.6440705153263,272737.3658790262
1661.4843942803664,290304.5708005278
2587.934378481714,397379.65795163723
1099.779161369779,150035.60716006864
4674.855798839333,709592.6713912239
4404.659440636576,672045.525635219
3684.292635832409,572532.1837766661
977.9622241480529,144151.21303307332
3991.447645113619,618247.1008225007
4135.807976490585,579602.2659759443
3954.9407797145195,572114.9543476629
1012.8464920365852,155204.40184021692
3397.585806804941,516230.54167689703
4254.461580872294,619933.5913774712
3098.090305488505,469901.9456485389
3408.8331885264006,498848.1733052149
2562.635657418378,378856.1667282134
2879.1829394782367,452372.9169350357
654.6958625827634,116383.12932518651
3375.3335988797808,486358.83328470186
866.5124580102164,108831.83946113038
2457.5656745310052,360411.3832685845
1816.9479395033352,272007.2649020418
2954.425775952709,430005.89662141155
1100.3735098544319,185868.87533415813
3612.3953088799317,548807.0931661609
4077.5519161781167,619754.4896242061
1235.0950238442042,159933.4769977312
969.4088930834697,168757.14831019606
1154.8196725431162,116819.57443665361
4447.074028543258,683742.2133184761
2876.8516779036026,450213.9864389558
2602.6744820337617,381753.14855950506
980.2031859605943,172488.68223903765
3423.0020304063282,512188.35350186226
4405.998163527905,662148.3585957346
4226.836411955538,640816.0375414151
3317.2461904136057,561318.4267982619
838.7542249325313,152701.8119015398
1005.7866222920584,164890.6173580671
721.8904419942111,90027.47656710776
1658.6564742161117,251670.26764200663
1110.4766022217,150309.00845632728
1670.2161811359524,266974.6441160491
2232.761250735328,337723.5271249963
4743.42252832011,689022.9456557386
3246.6922690176143,488626.3320210122
4257.3820355733305,621618.9559416735
3696.581753205495,557511.5874075751
1006.2640873698429,133758.06677817128
3811.6418286827698,572296.0269696317
1737.94496701606,275701.1422911109
3375.9853114761786,505336.75688292464
2034.3288813934485,297331.56686556945
4989.525184690966,752494.3021247942
1685.9816577355002,266840.9010761821
1756.0871184842135,241269.40237499686
4688.025150030792,708416.8955987229
610.8998208634521,117985.7895098658
3635.100445429386,556738.2060799423
3763.9687583114514,565750.3966800623
4263.703598346798,652350.2898859975
4884.976897873139,741796.4638030245
4890.208636204936,748603.3176139366
793.7454090490876,78583.17913770425
4198.2769523880615,598672.4201849439
3408.394701458216,531355.7882083971
3413.03960467891,481850.35717860766
1077.5746697661266,169666.97317930308
3425.84224900544,506835.3442301702
4921.171612705615,718251.9569939224
4603.183562927511,697470.5295820761
2476.0879736218276,375433.86611760553
679.7658797874245,144171.73501004121
2130.3207050009214,307051.88165942044
4218.756402202498,661615.6627317581
3656.7459565932472,555560.3517766735
2567.046450172804,371836.52989506634
747.9569082147399,128178.46538255589
2421.026275204862,374468.71136980836
2610.6122287304756,392308.7002067324
4678.499898023611,707100.8918323542
3384.8874661197174,495793.3792970469
1902.43812494592,268849.97623679787
2863.932190028246,444778.6719806886
797.2488851997202,115108.54429369255
4876.5570604238155,729881.8990985905
2120.2695586882674,323636.8657221257
2650.403097109111,402866.2314620428
2098.7778840661517,286230.1531904415
3571.3027855229006,561420.4595575322
3480.0447124831685,524430.3499104888
3718.95039738111,553789.4943507236
1706.6445332536437,264613.6000914415
1920.508165238297,292807.0686580418
1063.6305399329358,174885.83477973443
3449.794873307507,528228.9044391449
679.0870730104365,116219.98553149082
3189.570509855566,505455.4545928852
4413.631481832352,679717.2132542722
4508.744667303351,673101.9756889314
2520.6699216648276,355642.4651281875
2566.866596958832,418385.9482039151
846.3613235360781,122199.73106346946
3518.4426144936606,518304.2439068386
4195.6673916778045,594615.5723963819
1600.9477457212088,246911.62396442355
2395.853967350141,362355.82718159654
4274.777015443717,610914.2535915679
4447.042104480296,676121.796514708
1594.3099111890167,229182.6482643237
2977.567855436139,500441.47846119467
1366.2191778612219,193545.65283736592
958.4544386280045,135064.2991502448
4600.042256263809,672510.813954484
4192.283769044491,654400.0957775131
3920.1570581142823,580568.0428278473
719.4484346591319,93418.98212355984
4296.7795671961585,658656.0352778346
2471.198341574227,343072.69252787036
2040.7780548313683,318618.9191496842
2959.143624614194,479499.5380241462
911.0895922560012,147995.59549510197
3904.9094720857947,598494.3871380677
3120.9578459973313,485544.8812377494
1339.6554359292538,235142.47596289843
1347.0448989607053,226254.61404448788
1329.118932077034,208161.23425701557
756.5107439837029,131554.43961027547
3145.0930221725816,454045.25481658505
4281.566799148286,657760.8916871893
578.7419629432487,66700.17501781235
720.5209023707309,100737.68698297712
3077.466245091256,399968.69326082367
4187.730584237235,636188.1808229346
1970.3250075588512,282671.3109116606
2073.2647946347497,333212.6234993017
3183.559238735492,485337.7380224318
1733.9580010586615,282575.61805283173
619.7376473495785,71288.71620898602
3808.5283314571825,592046.9704617701
3315.424608236539,539430.8181227474
3113.401995750466,482293.46536120784
3837.578580463204,591443.7672433264
3538.5387690291686,534172.7688822739
1426.4689468024453,203476.96640905953
2086.16471124508,328148.55414079217
1067.4956375538125,130002.68742503051
1084.3565603804645,154298.38155865335
3542.8808586044265,496010.99274392036
4363.700481421241,640481.9446668845
4832.296627375125,737685.39594414
3327.5620289725,509242.17187028425
1328.4559551243065,200286.66717935543
975.4265545201881,149722.00305926843
4157.82937191541,585957.1134300273
3104.404143619997,458209.37593158125
3282.282594561739,478715.35705555667
4016.5793993961915,589305.7160991379
3664.7475247960324,561703.7012756799
4255.062137852435,621049.174147759
752.9625745694532,100850.76918286976
3863.842865359272,537835.0448897005
4328.83740794943,643443.1475848911
1787.6076910624145,246384.40270508977
3382.012732969638,508885.9685192385
1913.7292872663745,268037.2321551069
4810.869799171043,723721.3147866408
650.4060759597669,94667.19617911818
3109.0677972482977,499801.00504809106
1249.2659617228178,197334.25386748655
3704.990923297214,518955.88104333606
1291.5062753839793,168428.16442554272
1559.2246785426091,234987.86196123803
2724.6686497059113,390103.3384880337
4616.757274985951,633146.2226431755
1452.7146746658686,244898.12747655518
1149.0800950314658,186766.494592828
3915.395743343138,597728.8989713062
2752.7878955026895,400771.7234159851
4603.033005717972,699008.4862778943
1159.7655072192902,159877.6195984759
3406.675518603677,515098.4737949054
1547.9561576831677,213781.75913574558
1205.4219289323769,211139.05835097682
3575.4323682077174,504910.1221495207
3171.5807895892995,500382.79502861155
3896.7235626304905,585286.8509549202
1892.5815940078205,274097.89919433324
2515.872453719855,380720.926491893
2324.622543486883,363360.34166659607
4928.402587849314,766595.322911285
1815.1203053272454,278530.9062617574
1826.677572560451,256187.7141788221
2095.4669397287335,315432.6434346258
3040.673365806447,492436.86960421444
1635.4523491868536,272271.4140882805
4618.804731706733,710995.9793184971
1695.5850418981856,270251.4966871756
4531.1707920208755,693664.6206152621
965.637786409631,168020.76465164204
3454.5321607984356,509047.2484053272
4581.434832972096,660113.5036303143
1259.372472792033,190285.94093354617
4857.471320446648,712269.0663314434
2537.975121869803,359595.85317292676
4755.71798798461,698952.1266659328
3545.6901963352116,581559.8079409555
1857.1409144309819,281293.62984616414
1347.3613621269787,209342.36104626657
1866.8077080129472,255573.90006185698
918.5783416820375,100911.69207645304
1147.405848544984,155729.8244193715
970.9719815591652,174409.70893804976
2403.24594683701,367172.4013470819
4080.102693159139,623987.3058027588
1136.2259939735309,185205.21988007086
1086.4419492755114,151139.30479536115
3395.4302728279886,537073.8526036657
1387.3234188562983,195442.3608440011
939.2451714904622,169011.4229088204
1250.8186019250993,196468.8334114717
4656.791281445492,662737.7891318974
4196.620637492859,614532.9058919181
2093.2905305979234,278294.8089322464
3451.1934529732675,540944.6606018743
2917.7405315061715,437166.37130987766
3547.0591856715378,487492.02905173507
3572.020186082417,543317.9655467557
3329.303067769968,488652.1749177288
1697.4561584178887,224942.30666201684
675.5288934326816,134888.6507542762
2550.0505189554897,384653.295165255
4509.382481108167,670538.7441199587
3062.7376633335916,451422.15388031845
4245.759687658586,606598.3637656324
4962.309543325527,718255.4535071468
1236.2729186222432,211139.27349083815
3612.9993761389205,532472.2490251237
3534.321081650111,530589.5162662539
4909.799513112253,695583.3174428164
4935.203302787601,713918.6547022301
3590.0537527585825,550704.3133112824
1596.2665639198742,246994.2197902578
4093.5012715876956,649092.6947126406
981.6311039496715,174103.79222507525
4013.146868772329,597357.8108661529
4595.882558651134,698841.4550919356
2222.7502764579585,327080.4726106323
3337.8588274238623,541775.0204863523
2435.642294435718,388326.63808640576
2469.9427474465783,373885.11393414176
1896.6690009865401,288508.24584550806
3929.5832920264606,618334.4995491653
4712.794538749274,718510.737754668
4733.378866555075,741179.3903246629
1286.515781937202,149104.40876540283
4436.346423454547,674676.528748158
3818.44148642205,562457.5256696799
1637.7683031063016,280792.8052185051
802.7807581468155,151345.0874658189
1705.9877009797008,256554.87132898124
4604.937065516865,721453.1794037503
3349.3040370309755,538057.8959544965
3744.7459740404233,563200.0295445864
1657.1855799909313,298016.51244727685
3737.2467000866914,559960.1819596093
626.5467782506569,89691.59773088036
2188.946055978562,345659.3601684712
3320.3900684404907,490982.6956432274
1157.434544935941,175321.97725628904
4203.516085011206,658716.1012326991
1557.6408446536338,234030.5037423905
3435.265007683008,481389.39529294503
2323.3871415889835,355854.4589953314
3182.1961796494124,463403.55536636396
983.5274868300866,164834.5461704039
576.107599647233,100339.93426360986
4593.039923211356,718383.9954450339
1713.3350394523225,275150.9019337023
4188.546512512066,650086.8625499712
4997.076352124901,736179.5176159809
1451.4406609951002,233795.8290670751
1693.2683353251002,293359.2760859708
3482.869044355996,508657.358480664
4844.518855702796,762672.5941899613
4621.164566858348,682187.6832047256
2762.939840295132,397401.55114327034
4077.996271370261,617623.4495726359
1110.8563389495548,180946.65916500942
4898.4718289180555,753005.7768171537
4839.589553161939,706703.1845588267
1236.7803104562695,194207.84851352623
1847.4040616139798,263399.51781242684
950.6974887804512,112826.17819565616
1722.7291950418087,239834.65294561558
4171.80105236843,610752.1505361481
2202.4202322436677,340794.9380436003
897.7863521604127,157712.22608543528
2040.0148615050705,276538.0966282552
4916.225004085761,744472.9720970253
3333.576178666413,476502.4630845438
2372.72425882771,368490.3470044365
1249.423310737715,174958.8849905823
4937.795587776626,719642.7578060284
4193.820541684079,645066.3715595634
1766.6478610291374,253258.72704546872
815.3091307453526,115977.09058474892
754.8150081990111,68822.46947872415
1041.7016727749024,175186.27814470482
3113.4586262648972,483436.9643631167
4679.435395424715,702024.4661993335
2735.34542602693,379750.19507692434
4293.254671052888,668175.5842246284
2506.489789369135,362648.2006781544
3688.6259559552136,544226.8243912703
3793.4273177892537,615254.9787955787
1282.836676565024,178352.772602569
2125.472265391153,333665.039057203
3367.8597044211074,516420.80090481846
818.1347368296479,130523.65438204887
2126.930844933305,324679.6375910859
2906.5975982653663,443517.41097758897
4983.010218700874,752890.3446239419
2635.401031800983,394271.78759462625
4172.255407014456,656063.9735343832
2444.30278279978,340392.20620398136
4083.75825178869,632992.899848611
3179.366607290488,493351.83706732426
4489.679486760792,687419.9054407069
2349.2414855754946,374725.81138912676
3219.369889196655,481053.4954741304
3335.0840627847233,462883.1279011709
2378.22323810213,355287.63252102974
1149.4041965936667,152586.74513655892
921.01733110551,123515.41546866523
575.0219776983489,61404.903178104105
4430.904189103466,655088.7311966432
1564.1371050741254,222688.09188144983
1451.7803717679562,170215.65916665137
3812.1593019172947,585828.33351324
1940.072508893263,335417.3134940871
2777.2011158532646,428704.9112479155
1231.2997938385533,180636.48994509847
4818.855746578862,721733.4340733049
4332.116300077569,641397.7276513717
4387.0533033425145,659858.8271787163
2330.481868574024,348832.1184046389
3930.6254616822775,572772.8506443758
1147.4426992540107,205774.1726670582
538.7855116630112,51074.74203525626
589.8781966011265,102848.3603540539
3139.707818320522,468932.22020172764
2549.2770736157336,420408.19734367495
2831.069070088339,431477.65249821526
533.5841318774874,72839.50903795814
2402.0897884584156,355359.3243000724
3731.3067254038738,560494.1427009762
2492.121658853461,350962.4349280912
3794.986428405,553910.5737583918
1548.5853397857566,196588.9215840263
4159.139020167764,605411.3150576827
3147.9405820405354,474069.2169392893
1448.433947434578,223268.5931008771
1565.2421413422483,195199.7273014092
3326.1370905629165,496176.3295235535
4234.728169455995,646477.424434842
2370.325019131198,352290.509002155
1662.351931074165,236677.01674556872
4401.552231097701,651989.6117636908
3511.707312878757,515940.82983226905
2516.384692773844,364723.0927339155
2695.5508787568583,407809.1023184257
1419.1541057137838,259026.8804117766
3320.611835291798,483217.776955666
2114.341297442999,310788.34196322126
4980.403295034572,746026.5354676812
2660.825818678495,385376.7841146084
2686.4852278532594,424937.5002484574
3046.3330433480232,409532.24903607473
4625.40201403436,683189.1186975805
4103.681449368876,631918.4921317307
2530.0853140902864,373630.9109457703
3734.146696877582,543705.2253546314
3138.059744513427,479524.0967657894
2715.65171915562,425474.62258128606
1365.4209775295774,209025.85553373778
2587.7131855470093,372132.57063579373
1606.1836416015858,250051.61262327273
4616.789674332446,684477.4651443711
2009.3306607335612,316303.3367479107
4785.188065400175,747443.3875071581
2898.7488054262003,382700.78570015944
3341.9497040427214,503513.80507032084
2943.232000201975,406770.1212913437
1082.212776350154,211167.6881591185
2191.1954855357344,319316.8321544363
946.1575052493076,156851.0906239036
3303.293198825218,494787.6426318848
2510.933878401975,360578.39014591504
4000.9323720692155,581698.7948668337
1492.1171644971641,255531.1581365898
1240.547262932007,205200.85064336727
2328.4950393369554,388145.93764809455
4669.634224482715,701554.2003755613
3696.898167555853,560293.1175582979
2385.156311568134,352429.6154221143
2827.7247638943977,418417.07052185945
878.9585502969426,111006.04389499401
4930.591533692509,741268.9338723634
3498.832871127135,509039.9987713463
1784.3183080854012,276485.9246560942
3136.1377739685995,473820.8704748941
992.6706473104729,154654.23797008538
4846.265009634126,760442.3502389234
1286.5324454751467,192225.50782596017
3416.136431248464,527555.0047443381
1604.545081425187,281711.9514954897
3729.026221918411,585486.2746736626
3995.696152581265,622417.8168562867
3530.388780101447,523424.552704807
3265.247571148366,494379.9967836109
4516.1109227840525,651051.112577009
853.8201994539112,138051.31793737496
1989.1164460108782,303856.67045390856
1617.2936583388068,243061.75125394465
4946.0628292943975,762453.3201590168
2252.2540085009305,313682.60482665163
3796.757146581794,602210.829010476
3581.2632374645204,555224.7793784838
1454.3655686481998,216742.1557041905
1575.489560951981,233348.8423864493
1765.7805359886536,274479.3047032699
2350.0727521672065,382927.93746635655
1554.4627954273706,235201.5736879058
588.4316723608151,91145.3688937068
4457.26875563238,668952.6828973744
4845.244241213978,762427.1184361262
2037.0667416420558,298182.3491875679
2023.280957414628,302901.99163981277
531.9131574846695,109055.68670792031
3561.128097486683,537109.4312952597
4214.47953086883,654913.1068312349
1159.7373516200141,155735.00160494295
1218.4985721521784,178668.93539025646
4055.3746248714697,637994.8744995251
3273.308367593651,477469.4608237767
701.8725093247266,102254.89560331484
3301.4614570802673,500352.9231798697
1890.1297527969473,263736.37255968235
2159.2631996188065,315613.27757038304
3963.791382335961,596821.4409869069
4149.2083670267475,623314.8897372514
2301.604820779238,370847.76353362843
4762.188212028596,745157.3757009346
2329.082230784325,332240.6371776305
3973.2621585354946,598214.694163674
2677.4476905391657,415102.11974937015
4538.895469349378,711161.2697183907
4584.925596425804,702108.6454102132
893.3756354198774,139824.61334482825
4714.219990896016,720463.8492740549
4214.906786841871,645711.3947130057
4060.898214407001,590580.4463153628
1404.101028584851,214471.13013785303
4123.036439395992,647638.6857931726
4325.597306082665,644692.4605385198
1801.1765050436793,272765.4086075008
4785.170352630456,712925.223904048
724.3706587962391,62378.40890729836
1174.5916396121283,176600.54948651284
2919.1151212318146,443903.1067978296
3091.0661200503937,453410.050189941
3403.1753748540655,487383.5672504152
576.3610819195991,68842.03309230687
4821.650485799586,738531.3251926492
700.6464173036479,144547.45805648528
1143.7787872553108,199215.48490640527
563.0653288672564,57572.87923347743
3050.862949823426,474721.9886845279
4695.200977644375,691016.8991304705
3496.762247362089,512868.99585413776
4201.958608161923,621054.2792648628
559.7654155636104,98086.15133165018
2939.0688431587673,460045.39400279586
2568.0333987748486,383244.38839063153
2745.355748993569,410181.94752887485
824.9593340083458,133029.17496596774
3579.9591248118836,548353.7595122674
2764.491866863855,438198.29416474886
3943.1698243756878,565788.0341461692
2683.807853277719,402971.72478773847
1172.2173630189445,154472.11693501813
3417.156293350199,511554.59842126176
1275.738629473248,186837.28866737196
4425.775535096667,662931.341186446
3259.0230758115868,472858.60360952734
1207.4174760062942,151366.82553679554
4830.521258665431,682689.4382655165
2832.6445850089426,422273.08466604457
828.0430334224475,115586.43289670833
3320.7480698678023,484593.4571840938
1639.395081557646,272360.23149028013
4116.620533447861,600304.3162812729
4180.199331047857,655366.5812999547
4905.263101345979,768266.340087282
2758.4128896102666,374743.9241057524
2547.305958774817,383943.52299620194
3890.6402245091626,575602.1038596545
1096.1179535386696,106181.61413645511
2961.1198120690588,415275.1467489905
2958.114200588829,459215.85223049385
902.6290526467425,175778.34295123664
2380.928384781111,375192.8205711516
4339.781593552409,657439.8884831208
4352.691298975971,652477.0472137739
946.5694921385646,175638.68211374697
908.2439723652388,179201.37989393863
1682.129646508709,240582.5933858226
4436.44728149297,625467.3610177397
1080.061632830745,120045.49565918773
3739.985611823508,587435.4616167222
955.2452882589645,142345.62242335692
3304.1203418652144,499282.88948895654
2102.3028460361515,279532.4070462884
4050.1128333464017,592453.146746191
1551.6070197141362,226831.43667910478
3376.4082322548193,510618.0025055043
1560.5714055914823,226113.87006044717
3711.471274004692,535974.167134677
4431.55115552337,649041.3334764551
1070.6080960704203,184757.6801295077
4399.680598679766,664847.7821940349
3171.0886448643405,487906.43286876206
1071.9972089016078,142822.1051176946
2423.938349118704,304514.28265979316
1223.8713206829407,173118.61196475115
3651.565499899563,530403.4138964245
3914.9066048807736,594216.2361046777
976.0843412275954,212127.12545777613
2777.6293371258994,430547.72092125
4165.812752116627,679591.1160051638
4712.733686979484,718285.4469537117
2810.8304003379653,409026.8352992405
4776.256506251331,723396.7975001173
2910.600367052134,472202.8270473743
2273.857225699586,377669.83578136266
4316.914078488029,636030.3644123428
2718.4221970614008,412827.00347319606
2623.5612975403537,364948.85703763016
2706.4062023442275,422454.3028454627
4310.532508413854,677646.970243196
4243.736937596234,637356.5297217555
2315.83996598095,334028.31380993995
1999.8493694173626,307180.02443815564
2713.676108176082,415400.5968536756
3077.4762938169906,463244.320709541
1572.5174478259862,239451.919660617
4072.7978812201577,607443.3851736363
2689.172445795903,423294.9654339136
2003.2049678898181,315205.2940867752
980.6944683379577,127442.10730781067
1574.8032218162311,216008.67120926277
4771.765272901926,710677.3025947578
1872.9485906878697,295679.031085284
1259.866802151659,191941.16860056514
2573.0275624474693,373091.1261646673
1881.894845121119,287514.59870268445
658.2166262203737,92116.2835426106
1954.1534777573777,310732.75086808926
2948.4888077276087,448934.4898604823
2982.705674089851,441100.2873644348
2104.515145295999,320307.64723532903
2512.8624031367026,403230.32166098943
4844.830632056449,715331.9932775397
2198.068147536402,337763.3617634035
1662.0206596699234,247893.8921411686
1595.6016983004206,247879.92842230506
2559.940757168604,370899.814743376
3917.8406692262483,589882.8090471248
1426.9468288481294,236198.48997555542
3691.8325721334563,535034.7461950963
595.1742050723733,62688.02869435436
2385.198400927757,331950.6488494243
3991.392793412541,575295.6684078773
2024.2983009849413,315551.21090559446
3036.8169565042977,427405.34975833533
1422.4065477165987,207403.07526261918
3838.979260067775,588212.6750763805
735.2559647094183,118621.57591738462
4336.441901939752,642755.105691713
1391.8837388975066,212601.0354697281
4434.791142687489,667361.5779978747
2086.381585852328,308472.4187668855
3752.0760851351897,558594.7183971868
1936.513840037848,335185.62470081646
4576.602520555914,702676.5961620131
1069.8670648326847,210093.07807514555
1303.3390517266942,185561.59510059407
2718.63556321461,406096.0025444286
868.7229756716577,103665.93104521571
1381.9108311579287,191095.28863189786
4746.9487199540645,750080.5709663597
4894.203475165492,723689.8354779887
2193.1669819868985,367360.67330092395
4654.78709456271,673350.8189708088
2951.711040530443,421687.2753981009
1713.8410964319517,250251.54004432433
3660.794244862694,547844.1382958206
3465.0581295868574,538220.4652870311
4951.0639359893,751674.9987421205
1692.7127933417748,245580.61385438565
3524.267761977809,525973.8481663093
734.106897632511,103734.77624918264
1011.4071741352374,133418.001413771
517.6326872799197,59885.64435995551
4997.573064768529,770193.6375439474
4110.23163716365,579971.4470160047
4040.2535663009335,638385.2088940411
2793.767338796809,412205.2163074767
1850.3018730744798,262095.10883332876
1180.6892800820417,191898.57782625163
1781.0363248090864,296859.7804043053
2191.8704986811263,351133.2236342481
3903.3954364113233,595546.3564488962
2928.478050064186,461008.9773040646
848.6763194996721,92971.4963820735
581.1305403151051,76732.97021750279
960.4948079032843,125850.81998499576
2347.244211638207,376579.40637003456
4699.368126720582,697235.6586296095
3368.311165441497,522154.8059518657
4108.216549439818,626949.6212657454
2598.6856752704684,372556.71256729664
2127.4973743776927,307385.44195712823
987.8016772248022,174046.60540001484
4441.698599837922,650745.137002
4024.220130625563,606130.371797744
1256.531439189763,172828.89015193554
2805.172537443172,414496.8368781586
2693.186635645602,403054.75646744086
3312.9119870893787,481279.467857457
4757.841022960675,694467.2143644236
3108.971487931158,472071.1899252226
2930.9777005037836,422751.906899744
726.4531982059877,92754.82861692471
783.0836420811077,98681.48343812673
1343.06056097055,199900.92321895613
646.1184726128672,115791.8035799269
3845.0880300650556,606893.7772360038
3754.986367972834,548729.5934760495
1112.2530549423932,209844.1741079832
4262.355053578764,619259.1608226786
1196.5371568075038,201151.54398768296
1855.2901414881146,263859.59214290837
1620.3960462261425,225640.9415365212
2175.381943578715,311412.1684011195
1645.9869465048284,245849.08798274188
2700.2791689730343,416641.31876662734
2333.3354660960845,363397.68067250913
4939.562708506969,722054.7059690875
751.6685755770155,92957.10058632695
1139.8161937430823,152639.6551941914
737.7165225887112,108430.39034059647
3316.285377420691,493239.6945292862
745.2917483617381,92790.25301286482
4263.978818192555,644988.8966101481
2803.723838068675,465809.9518770076
2871.5343106169016,420635.8373558322
3027.175284704874,445406.0562816604
1268.6616783779482,201492.4831631796
1389.6063640151938,197264.62876754315
1934.677952928521,303580.9825736418
3170.7338711983316,461239.2265441689
1445.5299917309653,253471.89091119083
1023.4927720996756,160419.4152667972
4865.525988882945,717428.4393509076
598.9181666433032,78063.89100710998
4112.138324012098,606544.7535476539
4046.158173087599,634378.7192881174
1837.463512302932,250244.50669341412
1110.3197720329104,153189.13239574645
1155.3289101744053,162066.12538765228
3638.442277567366,545452.5822999662
3392.6296598877816,503472.2551302313
4022.3555341312403,573528.7734918768
4718.665275795971,699803.3376974863
3613.673134699664,540059.9565412502
1201.3319144814955,167637.83047062866
1595.4917754443481,253059.2760976055
4289.871788929016,661868.9369144252
1441.8773412539385,214713.86719350293
826.3504262951664,128563.39568128953
3664.7602431901273,506492.9165315337
2311.368599705639,338283.2345126092
4640.1802364565665,716123.4693036432
3426.147819921477,505453.44132463605
906.8854000624733,121287.57648153178
4765.354552641474,760356.9614168396
1663.5076863811066,285907.6967610821
2017.456206828286,311969.929273886
2310.171861575939,369303.9914659918
730.5093338194097,65057.6917137499
2734.319400037722,394396.8811930842
1054.933209838815,148840.82401235923
2304.366470097583,340935.3685372985
2078.1940459643793,301930.2264751776
3977.780375419265,545666.5304825628
4114.26730234729,624860.5877262646
1190.3579707508961,189426.77817824655
2149.4803432065182,354460.02731277735
2180.0892246432427,311247.19840098714
1181.3469977123827,159798.78650125937
4093.0407727303573,560356.4261902642
3682.527477509405,546507.7848945931
1356.7180383366563,221529.94137174185
2150.248588672096,310301.93105696
976.122611854314,189287.28814902005
3326.929686918698,493907.5563220142
1046.1736604687885,159865.8947560894
4936.70375881213,713243.5022101876
4013.0693360953805,607704.8073178127
2256.073473127978,298824.6250721428
3103.537695257095,479404.6133888271
4601.038172973839,704644.2894707841
2993.4467617812174,476202.84275391285
1285.2431887907983,172387.10394326597
2204.165100115217,333836.0073832309
4294.151892633854,655399.1150828082
3398.9585719532806,518689.41855959827
3428.2597295021014,496932.9739226182
4400.696685598201,612264.8650486073
4522.8787585812715,685371.0197248803
4639.066573007463,692809.9923849211
926.8213696392024,127689.79358665156
2948.567008833954,457563.9585994024
3832.2928454824337,573945.5360592763
3906.170803071562,559541.7194053783
3230.2229088650174,445904.39054782817
1250.5430083265337,165002.18594631675
4088.3924927374896,661119.1198059592
3740.5010008172558,575530.6856012439
887.6109719706633,136913.89263509974
2587.144211034693,384438.41311148787
1282.898297848116,187486.8858782687
2018.6467057083735,326140.9255234379
581.3649149255845,77392.82240076904
2301.484407848412,356761.06939094764
2974.446145202947,439198.3627746101
3288.121667721891,532021.3827949848
3485.706553079195,537701.7531134454
4263.31090896107,664407.7726378329
1469.5830827407851,208749.266917353
1042.1682009731057,177487.95239731428
4331.9172735406655,643536.042523206
1204.7576670169246,182914.34653119568
4886.420366012879,765664.0083143209
4291.422032293866,622857.8037089516
2753.9447265031963,417156.66360158747
4916.3964121491135,746219.5669927415
938.1952809860189,151129.37976391902
1863.7959252879573,270553.6989313243
3372.0098676827515,547526.7621685744
2075.0309081293044,285355.9985125905
4677.676483913563,730829.1803596838
795.317396800179,143598.92163185964
2972.3532442743403,483870.76243322477
3158.8982032780154,442070.18851754593
3437.2765569975086,498214.8537918321
1650.498004993165,277413.56193220755
2140.54892383939,283541.55548330233
4296.562383492399,612355.1795030516
1377.2424603657191,196820.21332062804
4220.905312280129,636975.6726144647
3031.949403062341,486636.9119323266
3929.8438003733695,585771.2517573982
3711.2331481856218,544520.1892665525
1433.8017292319555,221298.05813872186
3059.657313952428,468340.52675875224
4404.754187622915,669537.9245868428
2444.5230656086824,363118.73568227544
4849.658466004926,688347.0476223759
2534.9679504577316,361892.8727865331
1142.5353650054813,199785.72645617143
2252.4560603495293,341609.7878119614
4782.660828757417,710948.6819314715
1938.743822029344,313174.9442718811
4406.441719401782,638363.9252628883
4465.628067568505,665337.2474610156
2075.8393594938248,314131.0720275545
874.6594612278445,122371.3691182841
3760.510591214682,566091.8451402342
1901.8053455629372,281516.92320600525
4023.156264159076,575486.5786681438
2491.946817171949,377421.5802133735
2683.7003405417972,375988.0152510122
4000.592330368416,603401.1520571968
2220.6349897773252,360577.964949601
2494.0730539531155,368490.49414744624
2192.8571094633,305498.90382007527
2153.0323187477597,320415.0915480643
2866.7595960565673,413374.51724691445
4139.597500255179,632829.8050909062
2127.9574036515464,316233.8355972749
2859.1462424198153,463067.2013962638
3518.2729644917035,551000.7365873023
1712.4775083664476,253810.0161653391
1748.8526220607666,276640.07466857677
4700.359071605547,697189.1325575751
3755.905579989899,564064.9747017882
3097.34004300489,457372.32252372726
3414.7402448927537,527540.1559309072
631.8474939653827,123436.88962899896
3281.463345027636,508192.4658979683
2792.7899295089087,437357.22145204345
2955.8735590074607,461841.7025958337
2117.407220738677,328636.2015574958
866.6325397082385,107209.15777203042
1370.0265512542348,239523.41307646522
4778.351209457022,752840.8979525218
2339.148030219203,346194.61246661306
2600.0742012388887,382597.17188150965
737.1940543404755,122827.34120937882
669.0480329479126,111373.46164585698
3727.3165117104095,555058.5553815011
2921.425988545001,413213.38516999804
2789.1769289732,424490.5631609756
1594.060386902009,250137.78879881225
3851.37829233465,592223.1668109734
1257.0646059882133,195545.54634531614
1354.7063464745902,197783.64900395036
2573.2047710672396,405860.7564502115
1788.259379503734,269555.87687687844
1613.5834155491586,232739.05204507938
3403.5694004899924,506922.34243258444
3429.3728534834504,479486.5473730179
4210.3268140996815,627904.1856313815
2379.6885513783914,370722.01310425205
828.8829096176761,131128.096885436
1731.4987321465596,290138.09328160767
4910.0245843856765,731244.1893775375
3183.1635885471596,487220.80154314026
3693.8168816045913,569927.3357668042
533.1102333143654,126823.67516290296
2831.925794821344,427684.1790455544
668.878958893114,79448.10025668665
3061.535954411516,476188.968228833
4643.468823362339,733834.87062372
4857.886087251835,722231.9388832429
2932.487039250159,456694.6866596521
2561.9216236349716,408862.80464982416
4752.576924118223,733227.8494971365
3531.244243985128,532197.8070472408
792.0467579228425,104837.53852416345
2595.765099503739,387739.1739652891
1581.1025830893675,246337.39654095774
2614.119446519067,410282.3674596946
2549.595074028628,389118.162064275
3119.651612666339,460349.58256913937
2105.4672065716304,326927.67410873994
1239.217022551676,203084.25473760781
2766.7374556548034,422602.81947651017
4235.912979555929,618663.204642623
3488.0550263042105,519580.13325128774
2022.6553966634713,322354.72502777004
4709.853602414858,678817.6841873392
4604.93407062132,648876.5501453748
1442.0677972284443,246471.82658714705
677.3791330416334,111835.1750566826
3835.88918757843,587517.9781871666
4224.24617607119,612100.5869381374
4855.390546781099,743059.1432864957
4504.263773397399,681144.5397609771
3202.4064569288666,448674.41698236205
2885.2355264557136,461270.9972538342
625.2847306816383,96966.37607462032
1609.9540108015003,233571.4222986397
2568.266382798169,377680.162500021
3328.267550376055,458935.69444776076
3007.633249932848,463011.7194825544
3841.8619535676075,581516.4371800555
1758.951188991684,259961.07570209072
3042.28673443613,481912.71431445295
896.6400952585645,106818.83390886776
2361.4948561244314,342288.7788913124
3875.7237482957044,564358.3971491479
3620.303840430698,537469.6764691736
4957.8923172748055,745033.2480963654
1750.510066944902,271176.7805179624
2741.851846282906,404338.30788033357
1982.8868619829852,279885.9145943499
2482.714013266286,406127.24098535185
4356.275584412247,701674.1414976084
3578.9408383481896,539706.8591898689
4470.985361064118,655512.1968192003
1415.799987493489,241879.08074486922
4430.125030286471,635583.6124164014
768.9302338027298,108644.06857631293
4498.696761967186,660882.1732681518
1980.8320075732756,273934.09012698155
1915.644350363299,281746.16789605946
2804.3985951439877,403376.34768811887
4733.105844754543,710218.9659961545
715.0161410663242,107795.9645133979
2085.039387818354,300329.27370231354
4354.573949075011,645775.8252293743
2282.2451484596004,337719.79291086586
1396.2060391868015,225627.82710040876
2411.573815991353,358767.4843774192
2234.986256712512,351741.9733225988
4619.372906600165,704622.1956611179
3928.704690843937,600736.3175646054
2773.0200008480288,443709.91953412374
4947.66755024707,719762.3149421422
2593.748890741655,379598.67148510594
762.0702386912385,149576.51180967718
1680.234448167432,246888.83721332945
2462.317160986907,313045.10034991906
1206.0618086575405,176849.90443567335
4764.043068458193,717305.2508719941
3950.820040179979,540280.7436783727
1707.292401924977,282772.5730865055
3158.6204008306213,459518.8108472812
3746.521206993074,568549.4433527114
4735.755180080591,705843.6461052074
4467.359071289347,644336.8323093213
2818.3650176219617,401344.58995058585
3985.936789068579,579188.8616317359
3029.6513922241325,476161.1470172927
2987.1675052049304,445124.36201873654
1016.3388125218636,142013.5115472446
1067.6194610726843,141450.740909098
2882.9012676010584,456358.19457068125
1709.8769524055297,285765.5683113012
594.6660610721088,112894.78713494995
3752.776417550955,572765.2094157266
646.1896851057423,102725.05360327558
3178.7457849682455,452493.1113857188
2926.372073572915,434039.42850171606
4859.66610760012,715272.7120730893
2678.9591270643873,365333.6268799639
786.2064637000881,139071.83793832053
2982.5958551290773,433472.77934151614
4284.932767772456,666658.7533145745
4985.82177926648,765508.1949051722
2436.5442816008263,376616.0017727923
1941.3443412353413,303459.33262056485
4579.939836283995,674684.697801125
1360.5895808425462,241245.44015219522
3269.43011764817,491277.02626628644
2325.714908814265,354895.8700245138
684.8706422999987,89749.06967366702
2062.79813437564,290796.4149408068
1693.5283512620356,263575.1728654938
3587.410192745691,542461.7988306293
4769.557239613631,699646.5386239932
1706.21234320387,227163.3171050724
4151.596726182568,597341.0471808342
749.1191762228428,136290.55077524856
2921.5445451791593,425966.60548387247
817.4752866945256,115843.12209066216
4703.148460087877,734479.0741883627
3948.580762508256,569844.1031465101
3460.7746004206656,504576.2935487587
4207.533717310989,615754.7210254344
3413.8390800657344,544437.231633181
4860.2497872843105,768905.1381042949
3712.8107653914717,571952.8793167642
4660.963743120111,714812.2559511014
2827.093514047871,412456.927050126
1026.789858418382,192965.04850084294
2876.799746403577,436873.8870477098
1070.9277262839198,177701.36423158276
3166.2206562938227,472822.5996686543
2671.2187723744833,395322.16410962027
3301.5892902475175,528499.23872905
545.2114147467422,92576.18580677747
1376.7822124491386,235544.84108877843
2710.9869436045888,411754.6049755892
4777.266027151107,699622.5733442041
2226.240681598213,322269.24358216225
2409.674117241356,363510.4224354956
3716.1324005297997,544889.8557586034
3217.067407787531,460410.88299557584
1845.1676754424996,300803.49195211544
2348.6737800534247,341403.6655915435
1479.649094857546,224711.21918445834
4847.096566085938,732987.1567106028
1087.8547170081188,151415.14504480644
2173.2655305488875,355005.8189085079
616.2753749900504,70098.47102441531
1498.007713700959,229933.66232675928
4012.120122710697,606740.3725341362
1405.2885452999576,209708.1897377107
860.2853113803452,103104.54444161212
2635.039309300355,412672.24743232253
544.8615563053332,96599.4468524919
881.4476949184993,118705.78366595057
4134.316413033388,634297.2060991154
3971.6300518682287,603242.6615062498
4618.124691822032,667106.4608660827
4345.319461598373,634719.3409483288
3574.2900345791813,558909.1340846688
735.4978578529827,116513.00238078841
4022.8187809399587,592136.7582247813
4304.798648782522,628550.2794939255
4095.869655973795,604072.5724337609
2788.155658886117,409333.75823536346
1548.0582739226675,215289.4804358151
4303.98489059927,610762.4513422245
3772.232643830623,588635.1623026092
4913.425284749832,756426.4661647037
1200.616689901698,154627.39444911754
1515.4906237342477,230049.8194714105
1453.091674466762,199918.98711571895
4066.428954296015,604732.9986798716
1341.0828340255316,194267.0935063566
799.9692342048775,111438.70081637417
4993.523629635329,789087.486126825
611.6774515031711,82945.10403195187
4258.598270714896,622624.464105896
2144.1507869779375,306370.9894567497
4287.269568910169,663965.9744645605
2995.7922104501527,416326.7849336642
4557.34053268862,668348.6215745826
4667.86843886582,729116.7226321037
540.941815763492,86020.99612447672
839.3547919675473,129741.65889585436
1626.6142830688495,286635.07166320144
3511.9193736357574,531714.8651043336
4497.224884301777,660420.009418075
2569.7387808228323,379819.27598589787
3231.3790232341944,461998.20730451774
1348.249337580025,227356.14143731768
4122.350752467584,629843.847220872
4852.976501090614,750434.7581630099
1708.6951981156885,280563.9582883407
2726.7167822024585,400723.3017118181
887.5224972786821,114233.31755162451
3016.1149540833576,451382.98088634276
2762.5254883100624,396923.6018307386
1149.964178697849,175793.76431285785
2489.297959031338,396036.6314713945
2003.4709343895347,297157.84723744687
2848.2389388733523,430235.74262915767
3135.4445094295966,468439.7640899722
538.2301037324428,96789.06700862036
3924.5269232729993,575323.3906051841
3708.5643133778335,512355.721773813
2148.2887379293497,331660.6878769101
738.2117100596822,130488.4449351122
3897.196429032727,593506.9492500797
4798.288222151596,706938.6234133791
1580.6821820990638,214402.0853511382
1955.8607618166704,303269.064908107
1327.1580026681672,201903.27945891855
3096.2125550517785,461916.03070460015
1196.7862759135473,215967.20824690792
2102.8727455762073,296494.90995280445
3636.5585627041833,580984.5248281768
3020.5219235420677,453713.96662872296
2239.0815394757083,299150.8213839388
2391.1232081339385,355084.42813370796
3029.4989718045326,473614.7673026687
526.3912754922259,71657.59066773446
853.2944080412444,98498.59038141876
4465.661304933552,666558.9051041094
850.4554509108084,110424.87015878715
3680.616182947273,561928.7154638502
4640.171738490737,711493.7570949628
1718.07621935779,236586.02474870638
2167.2114667678143,310965.63891285914
3060.1463263012233,474154.7982473222
4467.690363373631,652976.6689400654
4738.575142671891,689143.1086842236
3828.0346165007063,550631.3698391808
889.7889238461231,140509.1108360809
3511.1936999068284,532862.2093763736
2346.366748426979,338274.091656466
2618.154497709777,392824.8825790312
721.1677565532966,138717.81116609712
1359.7796270586118,184485.7409204273
4057.3112339014147,569561.8329050032
2542.814748715369,390523.7238217128
1857.4800873401698,276413.9898229937
2228.085832842312,320012.3731900447
4344.797809965561,664761.2762419323
3870.495578322306,597358.8396417217
1725.4192873148725,214647.332699629
1028.7582809556798,141261.78395672218
1633.9919973983226,291449.1242336855
4643.404029746302,708178.7027779091
3117.1497703238992,481094.5383145279
2900.6609393515228,458557.026475358
3183.771198616077,477907.0562964061
2147.127195859319,338002.76258073025
4131.981591437807,634158.479592415
2854.7881218511243,438999.0482127238
1025.36556245958,147364.59495658887
1080.7930617307834,165560.1377069427
2915.8661592617827,425612.6926031319
4714.565981318777,707441.1832891464
1887.5845475428944,259767.8642894488
4412.935259866483,646127.8091545133
3938.430139604957,585118.2801022449
1615.1559930810809,223399.29033356058
663.533367423091,89429.65969856014
958.3126931407223,140468.384435998
3778.222702313481,574778.6522403096
1398.51382118291,228762.2192144947
2170.719142274272,316332.1839135787
2757.6462470289116,440349.02939970925
3764.6067580257327,583463.2352763697
1009.5405046660642,161512.95233878845
2328.6488237485764,352370.3061482188
2682.8280911421293,408806.63050869026
2933.7217878719284,463799.2911941169
4182.622886278476,651865.0261369569
1272.551877694476,217581.71622184425
4135.2415332198,621112.76662051
3617.952924634935,553792.2819952124
3001.418663895317,477083.72971673857
3647.875416811574,534706.9918234082
2354.079825282454,346743.63671800203
1122.7891368565606,168739.10378875365
3495.943581194153,542383.511938711
2861.0253800853,447457.25002716744
3377.18660244249,501960.7081424148
2020.994514628205,272976.98810663656
4580.899598029262,692058.6185903087
3143.164408590096,453108.33854194643
884.3111793089322,102847.95280353539
2524.117958169929,353340.262510815
3903.6022463463546,592067.9571088644
4073.6055277952255,638261.57638794
2725.6867374369144,409630.9009402621
4526.364068740855,683182.2234040477
1704.507967374339,279334.09388370934
2347.6941375722,321265.02245415887
4543.686097560365,691956.4430660602
4533.155224122105,679741.4879319394
3585.707459711064,549177.2681333009
4365.412462049991,645142.1911394222
899.479701303047,118563.20938692742
4392.477392934994,661681.7870259612
1942.7895794760204,324402.2633880923
1302.4918059269735,212591.97297987528
1577.1642635392086,226420.78412727945
2380.858286062492,330309.30218974815
1630.3640207201024,210913.25743405966
1942.5541370742458,317705.1095981465
1107.4031873223894,147008.83233564184
1832.7954450154934,268409.0484924253
3075.2771654390053,487715.79733740236
2488.341686409788,340973.2238518883
2060.2344255616003,338880.45402374124
3859.034579857013,573782.3779007018
4520.794871269931,655147.5643857148
3905.5515030607867,580885.7069161398
1994.0031595295563,284648.53830140387
3849.9897552689918,586314.8592684631
1183.9108211332305,164623.97449222903
1086.4309464108092,124731.79774324052
2055.321666662715,303886.99931122747
4134.660660698257,593068.1980590078
1608.5671125903584,245371.46456832017
784.6403400440581,93953.44436094223
1092.692908428598,154143.68020084797
4364.35235838311,658304.6098417533
3352.0247813627943,498554.5427037337
1639.405235164895,250919.39093475515
2998.831213976816,463430.4254108775
2874.1083009140766,407957.57114248537
3449.4619029829755,516131.3346349522
1549.3439948972734,165811.5232844284
4389.81344237479,663418.682389869
1892.1585293600579,277807.49679651187
3623.592442893066,523869.8711644005
572.560908674967,92198.52474717553
2176.9570845236626,349997.5142222507
2082.6941808146375,302883.7721702168
2945.679928623565,422955.69948870037
827.3131779973842,127397.48194838186
4055.5911817674873,581626.5439321959
1480.0136079540584,208794.41378239798
3546.670166969046,556448.5682783669
4114.454554598419,618411.7677860087
3028.446303086809,416677.60618409805
3833.974430248935,539156.3315917521
3478.371404967525,524997.4245980643
2099.8840871840343,332230.4245959589
4139.863425651044,588627.0846751337
1826.156164484876,282917.67682266154
3070.458129881827,487175.58963206847
3854.289826136928,615900.6536797119
2205.3015941562844,337419.6943206402
1862.4542342784127,289504.1870328114
2567.057045777702,342394.8683140924
4180.835724571191,669120.4096455985
4684.647934155491,691187.3858614013
2952.8753578695055,424261.880511925
3476.5979239564335,516385.56590467255
4564.731300075114,714943.1632949758
943.4608313582407,185680.04565460706
1544.3536003977426,234161.2136491783
3690.050028132121,573469.1876718913
4206.850078605348,631891.5927645123
4356.630627487601,632738.6846627764
2367.982295847197,384732.21779284533
902.0295603134007,122861.88443988234
2470.0166478482897,401213.1126446811
1538.305655931742,256716.67498514295
1810.3840474848087,283838.3324018655
3975.204005768776,632860.0959904034
839.8718871164909,170627.7037311884
4224.11547866316,630112.4545401877
2424.510886208761,347500.7505629855
3182.2876899526777,440057.7567477722
903.4350405605555,180408.90119268844
2018.1158526077584,293923.73771279474
903.654135566806,158248.8574770557
4826.946752964993,709216.9055945593
4132.6774219681265,650666.9261134597
2568.347394604071,371249.7573543024
1506.21146745652,202097.33744613113
4700.547973624335,700912.0674245752
2050.6846807713728,296967.18809647317
1224.4299425931863,195590.4870982022
3034.239748042797,454108.0636625691
4746.983541551673,724601.5791237893
517.2363072514515,71765.01662601186
1571.5617946429943,222432.12177607304
4723.014381846834,696780.9463191037
1269.886850857229,231381.80358920488
1009.5955323791893,155942.7485014171
3065.8424710991203,420201.12647580716
4378.297204826735,646340.4004549286
2646.9941796226676,398986.44759291766
4975.5391550803615,783238.8668870619
3556.2726479209678,554014.8715059432
833.3370824470148,106566.20563741392
4967.744592568889,793528.8039567824
2335.524065510857,349705.402530599
1793.3114023046714,293923.30656719964
3010.456326100485,428468.2789670747
1869.3841631938894,232444.36257406545
889.0587820406854,105190.18749873558
506.42754385629524,10957.462054530166
2523.1250881411806,420710.5497662353
4265.885400019665,644173.4683806781
3075.4183353353446,442819.8699313411
4996.432845245484,758517.4073864251
1790.8099054124,272408.1665354633
1762.047791420249,276725.83662531717
1218.872571052749,207021.51368063773
1238.2861471940082,179944.49901860094
1783.339682045215,249904.1661847625
4067.780203730872,626722.5348470692
4575.9055578640155,702432.4892372917
4887.8922636845655,735198.5557151117
1545.3034434340368,275346.600288721
4465.838955263413,661119.4008322788
1977.1479017480167,278575.02582949714
1007.7824503259799,159529.196099029
4415.112164840745,648768.0675878419
3362.4753558962834,514281.63386734045
1241.2890323647778,169533.18973792787
2434.2406588085114,357131.253162639
1792.6596269468043,306715.75244280393
3815.5755591958864,564224.5867444293
2540.373037809206,365078.924791035
4951.759752978733,766177.53872094
746.352420168178,90932.02401949283
2097.56869761311,300776.44003902515
2668.5507519948983,411813.83520941465
2764.100996367439,433383.37793258176
1921.7112007353655,312666.20793192636
3781.5811209390563,552292.7314964487
4436.361830700386,677374.4480647803
4724.236858900384,699313.3648441739
4122.920195597868,606324.9166694676
4327.610887879697,673205.8888278002
2977.45385278998,435626.99000130524
4216.497018920665,638038.6447585194
1865.767591165785,282976.72805948055
2293.1544294914647,322558.0768969496
1926.1085621834493,308238.14143464377
2603.2430095156647,401692.0693009288
1785.1082730738638,228040.42872367112
4827.25149014501,729636.1457464985
1907.8008260255067,270710.65522049356
941.2004214992292,163121.5693531369
2870.6772472268603,401693.5903484139
756.9458530032937,106412.33857790317
997.4442483886123,156857.12827806117
1487.2522513831082,224174.64359030372
2589.5761244696378,403695.5838047251
2449.6291953906257,337075.9395884081
4098.6133790125605,647830.2935892317
3827.63594247851,584648.2845475419
2418.432322958156,389959.21270374133
2001.6689340903347,317735.143498215
1924.1095282767437,288384.2269524107
3982.9778928230407,571762.7197052329
734.3258279957138,98877.81057438305
557.6974227977262,115445.88007691047
4079.949763669916,639701.2201836151
2647.1586919507217,384681.80419053446
1088.9651234910918,106978.6827996202
1560.0467056752557,229753.211165186
4696.267788938221,698686.1105781508
4367.76339031204,650169.0563059984
3694.0327260078766,564675.6929378095
2670.0135365179694,418026.28206412867
2841.4563178612357,446024.4386211758
4888.600408777814,742204.2441193793
4845.966997479292,690879.6355834411
1468.7107060362541,213482.61125157223
4149.970548373932,668577.3779270736
1387.5919977515755,215623.1343587859
1460.9186504777813,226494.1889405445
3542.4186537405953,538552.5168565665
2322.5049436439676,356683.3339967149
4691.949831979341,656130.2311751826
900.5438070320397,130291.08471658458
2801.865383642719,419521.950910514
4633.346886994045,720631.9410341751
4568.511472157774,686230.178716112
1204.3814603708356,147726.99132358652
2149.869650434054,331082.2306885432
3286.0463002101333,476830.45206666505
1217.2769814713097,158255.83439906812
4856.099774205824,711731.785196542
4616.371979274471,703305.881484461
1251.2758056551113,212866.59564346808
1045.1995756744345,166438.5352547169
884.3381726371938,145291.19036791948
4592.49648816484,698335.378681486
1371.3071440795734,207722.61514914536
2373.2821784495964,369930.9394666946
2519.8311454340137,329599.16247371363
3195.5496989610538,481554.2218702547
822.8090468634123,102522.85633706681
1520.4137783023218,251320.11819623105
4691.706741135167,700812.9050659378
4587.8454827085625,688795.784171641
4015.807913325615,572269.7495137663
587.3056052819695,108432.45857255245
1971.5304582324595,308276.1311403451
3325.814309043085,510011.1040032728
1738.3559529806405,244492.93590371963
4593.140127741997,673498.222262537
3352.5025782459884,507347.37582581636
823.5802279240052,109647.06598363975
4590.525149760664,697276.6317176464
4809.949961793001,678274.2422136158
849.7058827627648,117704.99128628285
2895.621056875917,470278.2278399174
1865.139269963767,288560.60705448035
2267.775844166311,343502.2499155665
1308.4304807990384,235969.1028332829
3101.3244590558566,418479.5964823498
4810.907089620007,705329.841147239
2763.826701222241,406550.5417483884
873.1156162751652,148134.36710138258
3290.0060006483377,511014.0273618154
2031.0034750306565,287330.38707494596
4351.66335316084,672708.589416977
2456.051667424116,360341.4547671833
1367.7782402401053,229399.52854899914
1359.9753021101524,183343.4413540817
3959.438813245222,591449.5900054601
1695.1441923831196,244468.28254993673
3952.5502737165034,614003.1484887898
1426.4928984496973,203518.31043613117
1947.5886591558924,291289.3282931487
2594.691375978647,399339.9343500581
4744.381323620528,722562.3682036016
4692.791411392211,721657.763858295
1430.9234394002951,218861.01144693763
2111.985685593828,308432.87453347753
1172.2972480419753,168850.6122991213
2794.932856910737,419753.3748407628
2572.6214781259996,390885.0712403876
4553.420731028296,680069.6766972757
4685.024200059826,703137.698428285
2226.053259532814,303562.91171848
2712.8207435854524,420270.21722691145
4533.063121157598,683581.7139514283
4130.185134852776,639565.1784987382
516.4534010509218,77471.22030577998
1940.2680388261213,256272.25425348245
2397.9840887125665,352528.6895207515
1533.7232765745428,226059.89302381309
1398.0722715317243,224568.90683843062
670.0302796805585,59099.07106181587
3395.1637628139224,510098.15476106707
1681.2963071742454,262467.95039200294
735.5623029409089,97104.58773550593
1539.4068973762865,232403.5948027799
4108.6127877625695,603751.1879813886
4331.70131740946,635163.7389470112
2673.798103369862,392901.318502853
2372.3180168390877,341633.8626765229
4900.341620758018,748723.6093524293
1402.5409681463145,195682.1076852396
1469.116772845738,202309.31578590217
1813.4022966637988,307368.91783636046
1277.407932264893,210825.99007621466
2207.1451919188394,293841.5115746419
4598.754021453892,674517.7374210332
3269.0652828285843,495209.05185874185
2353.7594687551864,359539.02165790787
4704.848575570467,675917.4290208322
718.0890461412005,130884.6667776265
1446.242800558376,233440.90846738894
3046.4987229579156,466612.8410844941
3269.9868043693064,517632.59046963835
678.0087795317592,110747.11678118222
2313.674410582095,356022.7791723512
3421.192841738927,544332.511697284
3641.3174588153074,568222.0104368504
3371.629561323212,488914.2850202512
1942.5345096241604,304044.08001706237
920.8405561905928,124840.7261294173
2422.006008887003,373383.992352056
1079.3949681562497,171441.51536383372
4764.306463343002,686976.6232523306
2638.268897101827,393303.42233905336
1927.6662846059041,294455.08316249365
3948.3683200350506,583529.4441853744
2740.7686666201876,417409.4988408433
1895.1531080560253,300390.9217484252
4153.854840758608,622466.364829176
4402.184679505049,664819.6914599226
3528.5367482990464,556948.9938159764
711.3399008345028,116164.91678967995
3048.4529607493946,461284.4299058987
3934.8271039877673,571062.4780053378
1114.2635543761198,180560.05338419497
1529.018381230715,235955.75617244604
4471.227972806614,696358.9845950203
590.5477483388331,89519.73311689119
3887.272120216892,546765.4880298538
2631.979816314903,360794.5550706702
2510.474714778231,391284.82249192934
531.9343962269922,68386.28748008577
4187.292039349218,636829.1609245926
2119.212052864549,320166.4608197295
2933.445340852443,436680.00777398807
3547.8530885104674,530250.7375648057
3661.833093970621,531967.1739946887
4801.910264717325,719970.9859296053
2891.029789564741,421964.5997788232
2298.737979384924,337365.56650522456
4791.666319212685,712276.9669877195
3389.496057614845,503890.5432442524
1841.6766032445003,294694.9596168168
1069.0891043160702,157767.54906331666
4291.495256593316,664198.3352207994
2129.817212573682,350229.6809125819
3472.1137461399403,537915.9549421141
2618.673887146542,403490.4537733515
1395.1840090776725,215814.2455513213
3207.5897387920927,498445.63499981526
773.0738102780704,117748.28631363534
2360.0410694203647,373697.55733219866
2959.76722848652,456247.20037877164
2462.211383533606,362134.8983144331
3869.0247886294587,598270.7358964749
4225.662295453906,635678.9444376373
3970.593833149301,593466.4348201489
674.6582651531095,91674.75656498667
1373.579467006875,209357.29700852267
2914.7337916869847,457139.32106130733
4706.699181997105,723783.6774114266
4257.305487734526,645663.699109358
4291.405287583108,655703.6659519669
1864.436871918537,305099.4666182317
2432.515536854162,361878.00470470707
2618.1767629217184,370418.1143676536
1208.1721250745968,207248.41580476097
639.8065861000534,85375.42287439364
4761.063047572326,700352.6946689708
1583.2066354857802,201557.040216176
1579.7700667563408,248391.17107673705
875.205741959418,98851.80880286827
4678.284883747004,686737.5564082158
3108.817017228974,478087.28847464727
3501.6658570640925,539688.3036077813
4602.095992683737,677280.3159381958
2055.2907600535527,305610.5474681848
3296.7829001213786,477065.5444900837
674.5975462799936,90221.69618577538
1340.4763770400818,206395.76175907042
4240.606122904741,626057.984859782
3950.457603522511,587684.3397248633
2077.892111557161,282389.6831012228
2195.647824983956,352006.2970437162
2900.9949509911075,445350.57451208745
501.08452108310547,91020.78559920985
1585.5995121711253,263648.43331800605
1437.043138736965,199052.2132996304
1627.1732603739356,236908.09939552986
4126.576291400486,581089.7563584286
1758.5323544589942,326588.31137089385
1361.8459492256666,201285.18607750244
2769.1855735686418,436152.3940335945
4395.402663677294,634547.176664885
1586.0736672687494,257838.8186031726
853.413092567594,165163.78141813242
2103.821311323491,314367.581717964
3864.4332105424,559447.351649568
2978.1074511265756,443940.1896500756
4175.570163084563,581800.29396354
4818.164664241553,721966.965615796
4066.9811453822767,626466.5145936015
3217.1138547968903,481851.9253320633
2720.037146235712,402322.7808415775
680.3108885672,112597.99560732066
4929.448904663186,751497.832638469
2225.6650515876913,300651.64648805
1185.0269626259005,179530.50363946083
3500.1898492840555,573748.1798771932
1779.297300929567,240194.27022647456
3136.002219189714,468691.9562217958
3140.4555853006605,509903.2602361331
2505.7841940629114,397951.1322403102
4262.533769952692,629112.1318773826
1692.3517769994937,257975.47414237616
2518.8466622798037,377784.76574227406
2919.6145786593715,422980.75071247236
3486.3112434528484,521461.64436806564
4027.873327275153,598581.6764351424
2276.632772952152,343749.89470435784
3407.211248434682,496114.02365138166
1177.7492888083361,151130.0293163572
4696.9164524411535,703711.8523983256
2223.764628894516,367867.058697753
3782.846398893973,569071.0183593518
591.5348684697994,82098.354691839
1423.3421430716314,228583.03756151468
2691.871449456101,400614.32516650757
4452.13610479556,705181.0742185161
2872.648174778047,430818.9760308055
4684.417170322456,716672.5168115316
2677.0860346225836,386470.81754552206
2707.020935311775,416114.9253634995
1038.8605482523935,161330.95177673412
4111.9530986849895,615662.8423095642
1611.3443561017812,231666.4981918728
4548.256202175418,669477.8270132653
4598.708991486783,695453.4020026104
4744.895503433674,724313.1077089806
2841.037200963905,423612.32421870314
3546.9220315263997,537783.6633113758
4003.3214602774856,599739.9254789675
1089.5657839270953,165405.38808717206
3204.3073774887375,476637.2069697662
654.3405558649025,98510.53496710153
2739.047375249266,464817.9154237385
1196.7920672910234,185751.496069802
1323.153166829381,211378.914193028
2142.714050116707,330167.579624068
2445.967250224264,361638.75106769835
3304.2759103948424,521521.17082505976
834.9278829733205,119415.90703747125
2766.612925568501,436093.02981412614
1321.813086138955,191587.82295951428
3082.8882876428383,443233.79276354495
3368.3207551753258,512556.0374410227
3005.1916544878422,428685.3810511342
3822.3297971523843,584062.2740731898
2010.241599084056,277653.06674078206
3942.979662349089,585066.7887429063
2447.4518676868715,338483.18622253585
2678.8302424516855,458307.8765558074
3416.459572674821,479389.74470889685
582.6127279965078,87588.18400740426
3442.9739963911175,539312.1849452679
3283.6331708245193,513272.6937954184
1894.3120253897596,301173.64625192666
886.0742820477026,126566.57454272588
909.2095246086851,163403.20761804283
4654.506861433529,716443.851031073
3601.756945516267,544509.5341806496
1071.9617619683318,165605.8794497816
2105.254261890079,309709.6863312044
3166.1734725571837,456732.98036691674
4260.07267290792,663753.9204457622
696.4741792085383,130715.28675331139
1564.84909161504,217045.18092165756
4503.87045632921,672504.8651464577
541.2449758271741,78318.28204489754
1406.2959625724934,210291.2763110678
4815.608791878347,723627.2163535036
3260.30830934977,507983.4756353891
1677.521149868779,236683.826310582
801.4599247813142,103292.04888694393
626.8610320124997,118761.54964473445
1601.3528583661728,230950.03391729994
4466.686188150097,644742.2211509732
2371.6114443387924,346039.11780882144
3741.5001612469687,554623.9694821653
4632.28265920981,725941.6534359867
2336.182077212675,368923.83582943596
1360.7481696682867,227062.63778288785
2827.0306888561377,440454.0761753564
4586.376591769345,706881.3621977081
4119.684863619653,604191.0870113416
796.234295134192,115463.10116305911
3616.5776003491183,522688.3337918967
3073.538851065292,456821.0670490531
4583.584293558915,701219.7438525321
1051.1663758263376,160366.6220701956
2903.162509420955,461703.99279234913
4457.582120803516,645809.0022759831
2345.1070403378435,361770.82306464127
2668.977129797902,375380.5134322989
817.0730495013123,124444.4868086697
1751.6463820200986,277553.6257541444
1960.279921260263,289751.9368525551
4753.051019351991,723980.1849845379
1772.0031224352156,246605.82166862366
2573.909308713434,352812.59674308746
3520.869906039259,539271.078355645
1229.8251758354481,219353.98105683186
2688.990742138435,383427.71251736744
3823.425677641584,597957.7352483736
4400.848458621796,660995.7369695978
3318.1667359809203,471011.1799632765
3510.7408189262655,503981.01681189664
1068.2756266305603,160557.03946179705
4755.994237608562,705309.8898828023
1096.5833486801707,138229.24276686084
3986.028217318092,564023.4469732058
1691.6734480024347,236816.63064183507
4701.169146655632,709051.5521649672
3739.8179271626577,560844.6740223359
3892.16170840266,573799.4971103974
1485.7662787694749,226902.68570125088
2493.6798948582236,394852.5186259873
3280.1593756517887,499906.43655645126
3964.881281929704,592306.018861664
967.8171916057531,163734.01887407672
4830.643924045377,705399.5825624807
4505.9930174955025,671400.5618332183
1716.5686572301295,253463.53987251205
4202.421093645494,605624.0988779672
2832.4576536792056,416471.1648061937
2578.129167029084,345220.1814364565
1914.9534761513244,325486.5823759577
3114.358639842166,448405.5202075987
3784.50102966619,599397.4370783546
2349.1980723324123,353141.4009642517
3331.4863685373143,511020.2379237163
3646.908145198867,537260.2258128114
3700.0481765687864,559165.8203245514
733.8474415903111,123086.90903831538
4368.865125582801,668620.8171253038
2562.1399164427157,399816.4552678945
1680.872367632965,244764.20094416125
1587.940283658567,228583.84909895796
2673.563507797777,369150.9996643145
4490.741927610316,684075.6693650862
2202.564117571911,352032.1918622555
3873.765860525945,613384.5126772503
935.6842894424838,146456.0961079827
2642.255159679778,381008.67849379533
4962.58763176731,710446.2218993073
3966.9701125655165,615878.8515464945
1447.3781979827586,181181.1983618631
2756.4866316405983,406660.9131912144
1551.3114364185494,228210.5789039095
2343.024172681292,350064.5231451734
4010.3781068073413,602272.768021818
3970.5116688068165,598339.701448374
1526.4517005607331,180660.48984253936
4650.004931696871,697793.8579519332
3166.5568224417207,430392.0118840205
2209.6593093290653,346093.2578611797
2758.710113513873,402704.0139110087
3222.8206404698467,440282.36156601
3019.5073933060344,436642.0154481976
2688.822659912802,391921.8922032272
2772.1976184023006,439643.63511144515
1293.8535969254876,198010.79437382804
4157.298069371057,630483.6092926702
2937.921439734569,464312.6486445973
1089.8593776711639,161556.0208921848
3947.7069571225006,607239.8027890231
4695.997902698079,718076.9076833517
4762.881046566329,688702.7671135612
2160.579795850277,353546.6409301382
1109.8259310233932,138067.8540520951
2832.798319848793,443267.08096687595
1006.7415320714931,120669.76907261132
4702.943383306778,717466.2432590502
1326.108323098157,236154.546027727
1637.4463697802382,241357.3823360315
2329.864370982367,344352.54279029206
2224.2401085160664,345844.81626374694
4075.9830157905008,604809.5232493243
2553.4256924793303,419379.42794675595
1268.457170015016,194112.42049142628
1702.4445296873334,248963.2892886855
2791.010233343849,407845.8244436637
1163.542628417607,155872.4248591806
3252.4505404070633,475312.4813259097
3045.8628794801566,449865.9640488516
3716.1604237201595,547671.2820880522
4719.670769207154,694787.109898331
4605.1455249552,732748.6533503288
4757.340281309741,692999.1406666713
1601.2201866066541,243115.67974392162
1092.0438798770958,175657.00217678183
1860.2451522340182,291638.9327467774
4527.883277448416,678010.3501016131
4874.240635805697,726322.0439339083
4366.962279817142,664075.2917973615
995.0797450739462,154592.39476065594
4763.4259912690695,709334.7219950102
2405.111123078537,329529.0970272919
541.8963084305916,71925.9718179238
2490.771833366871,350684.7717308815
707.3112635396042,92753.4985296141
2947.450645225029,442782.06155409355
2023.493123466731,310698.691399942
2630.4572011732193,430177.635201831
3259.266623344027,478141.86592352774
4409.604931180191,676933.2523825316
3478.557094123679,527902.7646073085
2453.219908151813,393902.9396355677
4187.425341516642,639638.3756194089
4575.119619079095,666098.3143161379
1038.9198489448875,121377.05675590849
2893.6983989875616,440279.99384148436
1780.3038188409987,256476.552868142
711.7753904462634,87160.03364792756
3508.460128012934,500917.4651112786
4382.468498566515,660589.7847367204
1233.0619451482733,215113.4457585083
4155.861459307553,615205.7719820121
4340.280800916237,662847.526358942
4614.531991999176,690134.4717955246
1693.7829008872359,228279.79335101752
4567.788793354502,699864.5458733836
1942.9823963139452,269553.51856654434
2985.5210605497628,448260.6916943357
727.2836187452696,102262.13451168433
697.4648976593462,122481.28334021576
3741.679457294913,540088.8987448232
2500.1599009000597,382841.3832910481
1653.315689161479,231201.40522724783
1356.8607321120958,193307.00557023866
3514.7907088664815,454514.6017791702
501.8069481140294,117113.01364946258
4126.5102613858435,629987.6778644011
856.6232275846796,113146.53441893865
1361.7032670865374,181762.37629632076
2238.0637788459035,325796.5917692987
2681.8643287224663,416617.240004759
2097.4780211627385,276780.0046627123
1943.2047424293226,288649.0229785116
4837.622054329348,761056.1455986557
3387.1085655952743,485387.35811993503
605.4482991532469,92424.94564826014
2435.7915879994093,409434.93450506654
4437.539148847865,678273.9049209952
1856.5528388480059,281001.40223690995
925.503551484747,148958.2618208921
3912.73147215463,578892.4141230005
3227.0622437123657,510051.96226292365
3066.4062852192674,451974.3423248859
741.0945182333356,71980.54556028079
1132.245544079828,162010.769533165
3301.472282959012,475886.1518463177
1435.207286564761,209657.2127407656
2768.3153588679093,410065.6226485738
2951.9675871322706,466743.60206593876
1775.7823562192273,280273.2079661718
4767.913199936718,720452.2897420157
4291.088480760089,643604.3638873614
3750.680784347593,541424.957474979
850.9723988423409,84022.35507303759
977.5850868905875,148900.9632614438
2717.5160563923005,423520.2325303182
1223.2100713594355,181314.83303902354
4902.194585882633,724632.101426661
1213.3410531233426,191291.20127278563
2693.6052595878828,402374.1449256955
2138.5447557867747,354496.5972074954
3377.2388965434407,531240.4013228818
1080.6638400024121,181289.7371408284
2436.4239261907587,380618.2712128119
1736.1726476321464,234622.54885579282
4494.881861022596,687492.1531944413
682.6357046061279,109921.87484385069
4611.773723029067,703894.5530221832
4248.473623488502,647123.2332595363
1839.0682239836694,284915.48535451177
4051.807946046971,661788.5212980376
640.461021524364,94545.43982961623
4850.894976320271,746360.9940646272
2869.677241654052,421031.7900428278
1864.7646172945038,295527.524271929
2131.624456676047,338530.0663060561
798.8240905722381,127112.13512854268
4952.0728131891765,776195.8608259065
676.813753178116,83836.54224950906
3447.0820541653657,507317.8892914404
2492.3116746790624,378094.35292232916
4770.1229818492175,733134.584347067
1606.9988313805782,244638.4151329854
2894.390707721051,459873.78688836895
2670.602938622388,387356.6433740318
3662.898998225456,526623.2799440473
806.0460437858923,127069.47329861393
1372.0510851050967,204264.0572434906
1465.5416904178242,230688.52796983803
3821.6783967876036,572703.7137008104
1351.1241334703304,195868.22420808044
3080.712937509395,460608.18919193477
1468.5971922542917,220866.55673400746
4377.312275377903,650497.2153097187
4739.834545203374,706912.5408540375
2833.218387240082,416910.89134627406
2085.389978941302,329941.7992385835
1553.2599875787462,236869.4182269279
724.014506853697,153737.22547142988
1708.2503428887292,259451.64245887863
3444.0610097539306,505592.00205651636
2901.276190891449,488604.93613097863
4748.185752264173,720500.3903939127
2283.2476812126524,362289.64791975415
3622.3850404777754,555199.8157357161
2701.9523636380463,417753.0751316619
2806.5929716589526,431702.02677589236
1704.9844157185287,233705.971062258
2547.278495788999,389442.3553195781
2618.532486557183,366282.6469065726
3679.891347870203,548496.4454522798
4732.879996337512,695419.650319361
1981.9457486712693,304441.26601766486
689.902108615843,110167.84123914114
2733.3280647528786,419622.1275282355
2950.0759946712587,448257.33065567055
1257.9824800936185,176560.8651783148
3922.0907282423004,583093.5394493114
4932.180987986712,758235.0714230966
4755.986226538074,734755.0675265992
1386.9771747064349,185110.91423343425
4439.1345795534235,635251.6342827606
3670.2213638525814,535995.416913793
2542.309537131102,402250.58221031027
2932.7494744612804,464210.10177285277
4323.200787421061,629985.8805051357
2660.6072283726794,405237.27133062866
2179.4331609730707,363603.60080876236
2719.6137186169362,416248.2873373471
3106.084118157721,494342.68342832004
1350.84944200257,222601.94770204747
4554.084786201458,664908.7438056604
3533.8412697332624,526276.5619900478
3349.7101280187003,503151.608768642
947.7330178128716,144242.62043235754
3218.782721776663,501143.9873352709
1044.3229800732156,164822.1422564905
854.1395383792958,69396.91188133208
2872.89903039077,404678.049096761
2312.534903209227,303132.6171818632
3149.6462157030046,475954.23716855736
901.4997562575736,140034.71642799125
2439.423782812663,371578.06659411377
1286.5402177032108,173802.46730118932
4941.950386658525,754775.4381011784
3025.1759559582847,468101.64332311327
3593.465874233903,513916.8997909823
1964.3822630717352,265336.57543178287
926.3251165070487,138946.13375151856
4891.418882525915,769548.4778511545
1788.1656592243244,302219.70372762147
2407.136833281084,372338.6122011236
3424.3876476615874,499058.2137176366
611.1378395875008,109407.52912789682
4146.166087327791,612876.4278029877
2914.601855128791,421840.1375358425
1751.9773418096997,219917.26463901508
777.2359338161116,118633.03403936978
1231.2428696349866,172089.0834625005
4527.652364840465,681076.46231664
3587.1090077115095,492079.1972319853
1624.5577473660044,247080.1955565744
795.2034422526328,70658.09305846237
3607.7689057398634,562924.1409263506
3075.834766854943,471813.0397109431
2320.3378600620576,342477.38358081685
2136.251521355287,331692.12540493463
1475.6642416809873,201788.15099887707
3513.2506544188295,528435.1084751223
4868.0061250724175,746096.3995300694
1290.7186062657163,131722.00595802965
3187.024790069765,469109.2313169143
2408.8327508568927,360872.0300258064
2510.099247850992,372589.0148227335
1643.6627605751648,275691.4506108228
4213.106940476386,609488.0185730002
2683.650218662585,390124.3479304831
2945.3263348921882,403481.56970765925
1871.4241075879659,310919.34916365775
1318.1380955012737,192794.91147301503
886.5967469126922,124221.33427616968
3713.5361341621215,555980.7664781039
1383.0542675953502,220182.856707909
3605.33909384959,547748.132147761
2256.6940072112925,391461.78535283566
2370.986604453432,364726.70843609027
2611.298732417473,382389.9012792393
2154.6882865739444,311976.1082356127
952.7898975016553,135063.30557691213
1893.343145012806,253964.73325932413
3486.804623122723,523817.9776182402
3496.0298066099194,540073.8331156663
1788.0093825799747,255934.13537453147
2570.461819509596,369421.6718007571
1370.5125260537186,235895.78183394246
1446.674366884261,188471.49190021586
603.7118978297333,49200.41714491397
4535.359474584851,657245.88231478
1448.1799928370779,186418.34458307573
1523.902446214085,236309.8882142044
1758.2064469030931,256516.87702647247
1073.3363226294305,156606.70749393775
3376.6829743161325,529561.1296869153
838.1432892991395,111894.7961716154
1103.9109184685763,181088.42600519926
3401.4052696554177,540437.2464323767
2028.4727921664924,295157.66886470065
3685.7652201553506,567605.2401344288
3008.411351015639,446425.3444017662
1652.0952787768088,266296.2543933371
3428.725777201976,482879.082828771
1023.2315613179629,120574.4892951875
2913.846723860137,429251.65428086976
2467.166472702656,352296.47472420294
1705.4311226784835,245480.4862131748
3218.0224898277506,478312.8418252198
4421.001165531272,677550.4454664158
4995.0711489338455,741107.4607687582
3234.9324593454103,468762.6426893498
2321.1764344812655,341146.1976370118
1513.431950972907,211631.8870498037
1656.9324022780029,229859.75030044615
2657.5474016739454,366371.77397955244
2152.7496557631916,324302.01068890037
4612.165351812249,680450.6886398963
2157.329604450693,342925.01545229735
2180.5006601544596,298127.1771819902
2225.905305952896,323044.1247919769
4264.790946654462,675976.7864113442
3428.547443811058,495489.9262297018
3263.759826435017,484833.3089233301
2003.6436007273799,276229.66045259964
4180.568795745978,600116.769106277
672.637376100655,131841.8260768518
4418.58727552151,666208.8811809694
2807.3745490726833,423779.75912565493
2292.1260568853577,309892.5838304792
2737.2527632295855,417762.7422466039
3503.36988740224,548653.9220302125
557.4444193305382,106606.20411615132
4421.983354062115,676664.1677014405
2510.327863901268,353959.46803328214
2043.349338650352,312764.8691414126
1122.105045353257,181667.4560125207
2477.59418461299,335750.25599017047
2733.452470779705,387592.27878732
2316.41012522065,365224.6652179663
3553.9704222210366,550616.478866594
2394.0343794165174,328133.4962400498
4826.37910030958,739857.2942318205
3196.7488302061633,481418.39251399686
4133.650710433591,635667.7856571816
992.1015639926547,136124.80813021938
2287.8108182565757,356075.29266810435
2015.8146565121872,319248.7739665405
3062.670746614663,452373.9132830853
4375.010840276415,656606.676964928
852.5219799290301,114907.86439926144
826.5865912011985,157020.76765389738
4326.429686709194,646559.0142198639
1457.8253871726083,200233.3215723476
3509.389645024162,512091.92847612925
2942.9515956236232,443978.15136638575
4248.021176992533,652269.7999844442
1062.9000942638158,132718.47723656194
1084.0233457517506,199556.70192161156
3005.682621252384,457025.8990689699
4758.703940112669,723134.7104762886
2367.489912668394,353179.6960237904
1971.2394511461273,296071.0970189416
3230.1019543904863,481549.6304000249
4687.01870245264,723408.7247486153
4266.175247800807,639767.7154210536
4979.676248299489,762292.4416147775
601.5586244106969,81556.84319455309
1007.86165120743,155092.0582473608
3242.604935149799,470312.33338768146
4192.593977002323,653219.6612013392
1783.5995403804495,250864.9862426851
1576.4498961539844,229967.89553787114
4041.391097215404,599909.4563332157
753.7183423395421,105978.72359745594
2162.221914121633,338783.2025071037
2776.1415016654837,410088.06995508965
3021.5690345764556,481113.8457972898
3778.768205567496,550445.729112521
2096.805755437962,317908.41271454847
3257.0795510357325,473046.21286910784
3134.1894025593033,478547.86603452486
2964.272452941862,444321.87340174394
3382.1748191399547,504224.98197702365
1667.5212698063433,273897.68980102194
880.9193911308304,119051.0712485225
1036.7225241788456,167238.68177918682
1510.6207219425548,211213.91003788737
2750.8907098525337,414887.31048108754
4281.992377457091,618387.3500540947
3655.8200393977286,535122.6629835245
4050.6827189092123,605959.5469249245
2079.3903076674114,348201.52949657326
2320.941837418476,350157.3530219669
2271.5684869577576,373828.63936099777
1363.429329820257,208920.8653068569
775.4749616460741,108579.55935741233
3159.1224177225204,504655.4931103919
4951.475075392637,751461.613750364
1250.733672276183,174755.61896377316
710.0816895467319,115923.68262001574
4007.8925682076983,595331.9902330026
1636.637030081259,205714.87058876292
4233.397124088178,653729.0317985391
3667.715001655319,572055.9313611364
4755.5309167286205,750088.4781091386
2340.172560905024,359468.75797965884
3478.8642775278536,516855.1731475274
2591.8465136597183,405476.7655965294
3337.6491378884457,517643.77798964496
2523.195077034818,411244.88521795115
1348.845108908337,201434.2138749217
2785.538372015214,414519.1763509302
2878.6289064684906,417483.447575103
4147.717317170725,632906.8393101129
3809.8431760711155,540511.2430460505
3487.0623077364985,538581.093617726
1010.2419299865765,163292.99193530227
3742.7733079867176,573117.400247175
2751.3732035953167,415470.48526933434
4523.447912477716,709176.7518222792
4639.419203587442,713352.7498466535
748.2046577080346,100089.1548286912
4192.887021595155,617149.4722453203
669.6382569020178,82852.26226700994
2152.263315627602,333865.1639996521
2940.349890294856,421049.7051194292
1166.4535938220733,196635.88194497803
3858.4121565608457,605221.2896510377
537.5961687746236,63059.09993718451
1258.6957179531657,185093.38700111778
3113.5857343406406,467370.2797783443
3714.744029167816,574891.2675845658
4624.893962122623,725920.961830591
3674.734933705807,517500.3921984995
3523.006716146897,522087.3930715009
2274.5351585779895,335859.9398754915
505.7799148706064,47853.59013286
1040.7166643102987,146405.29926046357
2905.495451402176,444379.69659733865
3538.084486299889,525139.0948881923
2378.517277534081,325885.1682579639
3788.055551877756,625689.9867418617
2848.3803289948046,432580.6066533043
833.7928801744049,127302.81462829423
1364.0731293557697,182652.44214202452
4279.992004597743,647212.923929087
3762.107359809978,561031.8282906668
4526.428941556227,641193.8729791259
1029.0076210442146,132946.03435634388
4956.001405767833,759298.7312186537
1442.330212774701,255229.88491621398
553.0094432898891,90294.72459434425
4988.403225740994,770322.1494270164
1764.832484503009,261609.76650378713
3506.0875363065197,524182.20723236585
1295.0704137933735,216080.14262139532
3111.028394896138,499909.80501801
4568.157439045517,711245.54972614
1940.8152534279736,269795.0265064997
3516.1428921996167,526082.2560236376
1345.5661495928744,207385.41612845706
3311.5792942342637,491543.3348649889
2014.0265831787956,309861.13834513124
1450.4371636457827,233977.11078024635
1909.319228166358,306454.0792640565
1304.784808285097,229435.12428719498
4558.622485270473,677204.5506960743
2287.3409884270795,315820.4849672757
1603.756872384653,247728.222737987
2517.835284571698,415351.51330945076
1942.41275062923,281822.3953953033
3849.886642159967,591219.9358652694
4870.489603484725,744488.3563721617
2471.1514551394107,374501.55921780376
4374.650299875082,656336.0394021366
3046.3838310182878,438488.9905383153
1207.5604929240508,135500.83249019607
3607.802339366037,518933.33677162504
2810.4552370661904,413762.2025776946
3427.7293546344654,536107.856943624
4503.593356572492,673476.4422388463
2481.9555679522073,361912.82081446814
4555.2993044781,665475.1868326463
3878.010564267447,594837.7012103066
2698.7221664509316,431975.46829625184
3214.4996104608367,503443.6560064747
1965.1150963355515,306890.25844550214
4926.187848824484,709415.9223960137
3503.080233726782,518428.5502021418
697.3108362348346,143542.7100130187
1969.7985758660393,317908.79621821037
3304.9149519157586,464987.17842266924
753.4997500965791,111913.15205050143
607.4788609361425,98383.79779364215
2525.1090778751113,363523.1924207423
1997.105808617015,253381.7908643753
2472.3437361492465,372828.0413227156
1682.1198944600233,236562.8190165947
1241.2298612434142,170507.64440481845
3601.1451064115195,533078.1587631127
2815.570023205102,419661.9851876691
1400.6939506221506,209922.43671140887
1938.1524181699924,273043.06474705884
3163.135584484967,470066.14708006347
825.0320672261503,88606.34267586743
1163.538541697808,180751.56256203275
829.6052184832555,67315.27450566518
4155.4279972135355,617524.3979733579
3885.841549454042,601259.9554916454
3889.908193456657,562299.415273002
3723.464045642126,572848.2109194669
3512.2344065144116,549949.8152195796
2646.4636192017874,330811.54383032036
3390.2517357820175,505510.5022957878
672.626996545886,43378.58092931739
3296.5899019555304,492124.31638191064
4000.4496749159475,599924.0270177656
2751.612621729756,363091.01354124665
2108.8099779225663,354818.26392998226
1748.420306604406,267983.3621433534
3392.6092257293712,491910.915217765
3617.6053938345894,571948.3976251589
4419.3541993814415,626990.8654943699
2040.5033710744583,281492.0849908024
3963.975383235135,548607.1970118722
3026.1012088520206,489936.0852585897
4472.764208051356,677561.5586371435
2875.1544873302933,444461.2088965139
2829.3342277908523,430420.15884699736
3100.446866484091,476542.38519550534
3871.9190981409547,582349.418999063
4841.107154728074,731584.50006336
831.0350939709454,126807.33282010083
740.4557107595772,98896.52050255101
4718.976518333024,706913.9824456602
2884.4403148319275,438137.9386900227
3267.0635655512124,492270.5172237245
2670.90620717628,371080.48892137565
921.4585367336351,111319.04713787709
3956.4022028839995,615117.1591109277
3862.510902898641,573236.7545171281
1902.664946717654,297094.2489483669
1878.0766035278018,259869.09233472234
4270.286214074833,611080.0145782944
825.6076598359698,106969.21672476121
4464.973167604547,665294.6737252537
1654.9776045316148,234943.83469405398
3168.4313648997227,501143.3751970727
4711.973805508,710386.5368569492
3551.551256914909,569711.4609084736
2364.9341561016645,362828.286496678
3602.903940074368,492184.57465275907
2047.9083634236658,328307.08664272097
1747.6628735713375,231958.3985863015
4985.074750706059,752371.8859501355
3878.556040309045,566289.7248930798
3401.2398982181794,553040.2054220106
2098.8033944869344,343612.46772164287
721.2237311977167,93347.14684562234
639.7559421582002,93416.2379613078
2993.8156495195944,453964.30882092356
3929.14724467573,606640.3681325917
2918.206356997348,438313.99179610243
4283.5328237260155,622032.025571285
650.4193989194973,83211.73705392354
2150.3843439167304,322468.0156599737
1566.8167602838012,259711.65361786398
2512.728356707049,385466.0107167782
825.6937693735512,108385.76687373235
4793.592387069826,732006.3136146697
1504.6493048121242,217957.69894425545
4650.384989676131,715365.9085551564
2416.519197665068,413018.0880163323
4934.858599648481,733052.2625284012
2993.2627255709485,465021.5120301697
4688.747888791134,688404.3166779154
524.0704491240028,76365.29202477448
3867.0746278140505,580652.4399095497
4563.7279389613195,680685.5176433102
1128.7425514052934,218571.6564862945
932.5663327946818,133753.08842563463
2410.5767323368,373323.5406262174
4701.555077598208,666631.5242532626
2940.739520856974,449750.8593959383
2873.554086747795,453874.20485921414
1135.0675323469484,159708.18300046126
503.5527999194845,25328.477167114426
4145.630408354576,621071.5258766398
894.0855334380719,134456.50702342135
3352.3241843089577,517330.12866122974
4615.7740453183615,732584.1675060228
1438.9336092129397,208238.9683699348
3493.7277630660988,506933.4019867092
854.1435951837925,104783.18325014002
3216.8981472692585,486496.29443102074
1237.6927442894123,195240.9968197819
3811.791022318301,560855.5454604935
1855.5408265725869,293904.7789004038
2585.259539620908,397096.61247951974
3197.4374391242977,480480.2496615425
1270.730347998078,172561.25778482918
3837.370183779294,565968.2412571997
1861.8815328656656,230687.12397619896
3480.6733696073907,526816.7467250692
1212.2737281471814,182367.8849970259
3596.529466428576,543248.9997860761
1076.846327647078,171613.32945835288
2414.1042332149264,369832.06471088337
1612.4273318249457,239656.43616082115
3867.6886224268214,581126.6542272783
1679.1575202809356,223787.29970821695
4467.727878779283,658484.7689031039
4513.190951329758,677988.0637731329
1383.9859185025364,192880.81625713324
3262.306752534759,506549.02879766485
894.7293877398395,121036.76654187532
2261.916948207331,343613.650456066
3709.9477827557253,558823.4805496655
3467.404610824623,535036.2434959017
3311.1530123297357,514688.7753300264
1771.433886480996,279595.7351915082
2201.112272454809,288046.7168405587
963.2576511512877,168371.61063295568
3735.6026919512046,590886.5682765726
2767.499585560731,405482.4521476803
3689.445345555446,558149.7400867739
1620.2458615859275,225220.2456352735
1959.972028857798,255028.23419402665
2003.969017670516,285821.0473397297
615.8408438624729,81573.34579009873
2034.7154277378058,298110.29953363456
4114.8705808311515,598052.3053245529
4537.843230873823,666007.9812947287
2831.9824203616736,424577.23662168294
2549.7576284864913,367059.1046107709
638.7107841471661,106677.10427307547
4456.419519134222,682096.140898082
558.5459604164272,131389.64898575388
4751.375360945953,735219.9027843622
2701.473119096408,410083.0290310295
2038.7052210862698,293400.4972295869
4658.9829567919705,704722.3905522755
609.7594689954353,97995.83954764242
3116.412026910892,457195.5422565206
2970.196360247019,461204.08197211043
1486.9418054512194,195079.3105240454
2429.993441075948,359611.019450642
3435.188026746966,526395.373198393
3772.0903859686737,560061.874943459
503.225864179609,71348.79155835594
4715.840435409569,704620.3480875897
1240.3641757676558,169342.60155139345
1551.1119540006164,256144.8117315766
1685.630505622317,232483.82240489125
670.1906144841589,106891.77872082153
1053.734556156462,166333.1413891168
4938.574653248729,721813.7599631301
1918.4753181977874,289233.382817283
1018.8549065257221,134635.59252396427
981.4606752858049,175039.95079398964
3737.5698545148734,537859.8194377067
4345.558988146884,638755.9063373933
1656.2853477881144,223958.30200110556
594.0928055085574,61959.946288932566
1503.905083004101,257410.068268261
754.320608585408,124003.58476606244
965.2772148351868,147597.4507392889
2441.7865393143907,353136.44163022016
1534.6326688773465,248347.13655253733
2821.7564533644054,406779.01921731175
1640.7218896573568,261981.0693352056
4732.417854963264,692412.4527123768
4576.747855668191,673622.0243127152
3050.627472547097,472759.768604423
2094.9079639432375,331512.741474601
2215.16096915631,344223.6040513817
2353.3352741502363,332006.80880739953
3774.106949607248,557181.5051266307
2532.375479834771,382994.2967991859
4355.284759276538,636307.0946532788
4748.42653668664,739683.2357055818
2011.7576902052024,253724.71465176943
3023.1251661905603,437893.984621201
927.75441574654,128971.83230458436
1402.1107149486154,153437.73394685696
2360.5959501957204,326164.80992463423
1427.9122215580048,226692.62348454207
4444.52220854923,667284.0040134437
1212.2881522659413,213305.94328074926
2550.4736969889136,413475.58346603345
3225.6465820694407,492507.91488249507
3613.3875867238,548272.9029885841
2223.8121637692802,334890.44673697004
4410.945809261279,608540.231031602
3057.4361798506648,430724.2367110782
2477.785012013983,373681.2618640761
802.5828532341648,132707.94216007815
2591.1026080032425,394458.7874432492
4193.311283670786,611147.3931963047
3265.4345819959194,508563.31294877786
4244.731041781033,666358.5368422477
2723.0525176968754,427217.6696603581
1033.0776729251684,174753.63753058464
561.3793062614648,73022.3799801155
1864.4879602336603,301191.87648906506
3640.957121740066,549058.741047563
4056.169567737622,618656.5457310834
1830.8877557914823,281941.80022521655
2730.442643974612,407136.65448738355
2395.0350699533674,342055.2109905591
2347.352529581425,350460.1461661328
1541.0692094006772,250895.61375975804
1113.6699726325628,158220.97978862622
1385.098512040459,225631.72205823177
748.9957422350574,127090.77474761204
1391.5883382060965,202759.50279051787
541.4040393142076,108986.60796952268
3322.662802861902,491288.4870054712
1923.689333244573,318744.3372389386
4879.151201421088,740555.2198439827
1371.7267284933405,205441.6909049308
2056.2285663931725,290678.2573522228
2110.2852138868993,314777.5774803341
538.0317322810724,76629.56957227246
4276.435788677565,616299.4405966167
643.9750706494613,92243.95214306584
4730.809256281586,693545.3248402963
4514.334579921293,688870.0223677695
2909.848622386836,462602.9028725894
2946.1800871008145,417388.6995392174
3442.0006533027035,550546.252562744
2241.7250537069913,333687.73736834613
3412.5002752903497,492374.61359478213
701.4577490981909,120373.7579688923
743.2143230737695,102553.05889596447
2557.5368882879498,381995.7997225626
2973.3003549771574,437909.48836233205
4495.179381511185,657942.1485893797
970.9728525855332,160125.86853586807
4201.915672372503,624561.3227979917
1445.2130178143132,188048.91682856207
2273.3764182951436,352027.6652285902
1924.710956723358,264594.9964880286
2300.698727894295,322039.6057306391
1177.2297413266351,200436.58529854158
2766.065334815997,390983.00223819533
4107.3916542411525,569779.850997623
2486.903046705036,385492.68670498533
2707.761091541896,400086.89514166175
4319.454133765914,643565.0176421248
3677.2615158711387,545299.2195136668
2707.0448383390312,410690.12453122926
1659.6304168513086,233890.17768963493
4482.17036080235,701847.8516116678
3096.5918076075127,434964.16153493896
1495.1642454981202,233172.1351582605
1711.0388868710465,269498.2531081886
4114.098900213106,601921.7998152984
698.6550293935495,84323.56550347606
4964.41484162969,765005.7105278567
1086.582558716563,143170.16872715013
4082.3083642862184,600212.9758279214
2276.488925472573,359219.5180700809
2714.972824793601,407940.7483898206
4462.927598590601,633496.266436008
2358.10035315146,388656.2358637892
2918.7218915295553,427208.068553834
721.8484808412647,100222.12632806136
510.5636324035392,81700.22990705818
1601.5994285077666,252741.45021624645
3562.6239181344527,573615.6735459972
1045.6920201161151,123652.44002930334
1011.9288146204724,168308.36637158977
2349.3227361615645,367258.60430523625
3415.266673737019,509546.70284307055
3704.3239651156873,571394.0686636775
1303.0280334426866,214139.68536913392
858.146663174191,101082.74377638855
4731.786652754949,744763.3280308589
1672.9987215294577,219774.5631666558
4340.059239239257,628302.5602611131
4385.711527082682,652620.9755899203
3976.35166293145,634951.5597034587
1259.7512299365653,182797.55189541707
4198.106566643902,629077.307195569
3961.6275165871402,622885.6995661622
3185.253455477977,471781.655470387
2017.4091582602873,279042.6394804296
1681.2887191994485,243848.611175151
1048.5014543616153,184691.05483035784
2793.9068010539213,420503.3200991909
3133.6739397943093,508664.2561502716
2117.0254573210423,332312.5171233994
2639.1158045639086,382971.19195671665
2135.8150581617,321393.7848135566
3384.5272579431557,490614.72632863576
4555.666435084535,669981.3046497048
1237.641179211252,275227.86190220295
2216.3396445640556,352823.43688528455
1133.908717778876,187308.2674469649
3312.246966835244,484373.43871912535
3779.917292698681,598379.2752304238
4693.607296688551,726029.4065391414
1754.923668174342,300870.9760133067
4775.950426394435,753054.8469271343
784.6820231930366,88120.51771700504
3213.5623851406467,459837.5679856988
757.0972370449849,93488.82924747502
4521.983844928752,659418.763872664
2884.1407568152435,439090.1608074943
3512.067578432582,515474.067722971
4242.082666597036,677764.3708048059
1176.3978011778595,214553.26781831167
673.6620287216023,100920.07242665955
4454.965156607835,707351.297814171
1917.1995235651962,317342.6210795834
1080.4050856722438,153046.6316672914
2608.0755668918896,351027.02815327223
3192.3773406320847,474497.23339559813
639.3677154012955,83012.71468862488
1737.0304621568948,264684.68182645086
647.599434246032,98924.48087439979
2391.5092513797454,359986.7408849464
4527.950130798099,689666.2144472981
4921.935851721061,714039.9388164856
3366.7139907663236,513234.3041663427
1227.369622030663,175313.12024425933
4576.322254996876,690447.9822468051
2823.115204400272,442615.4775646846
1191.8719044631314,154292.79020504912
4647.770012532476,691539.6288264801
3908.6107282539633,583920.9245575173
3792.673727254182,558615.6796567144
3691.313167074821,571693.5649838822
1401.5291949339903,195821.61206408913
1449.5301126838672,206321.5089137333
3597.3184929226477,525399.3912793559
1488.752375496786,245153.96455329392
2474.02263561372,361254.5130938137
4019.008215172736,612052.1400935815
4027.7863314402844,643682.051740644
2539.677976366368,379455.3280479435
4064.854722238603,631969.4219364536
4273.798082891255,674496.7941155508
3446.490880779171,537517.4633176839
1527.9163353878907,228851.4239886288
1733.0530117349638,272800.10694021685
1916.7851993393092,261770.20803818945
1025.618484802784,138241.90955741855
1729.218291664753,247289.24011707457
1442.8365094063945,261237.71881444482
2548.9793741387098,366095.21583570115
4587.968965425192,671645.8097885423
970.1614253928113,124645.79420394202
3741.20565776328,572377.0839031072
3592.773519859075,541768.4558322389
930.8938939851095,161369.2636382977
4651.5758220761,711161.5666329621
3058.124909705688,431110.93952137185
2136.764845110579,304369.1713663794
3904.42362572888,612970.1188248484
1658.1445628073532,244655.71952956688
3620.7942667084417,566870.9763666266
678.7004340751125,98811.44615296055
4277.336169241724,622247.2968204882
2516.768811595933,371450.10618605587
3365.118114610738,485406.7212806167
1495.5701891300764,213024.47312146297
3546.8317069630157,536043.2701757572
3975.0812415197447,606494.2880353421
2629.4593409797944,362615.0746818832
3279.7711582780744,491618.31359152915
2553.4666572007936,371287.683868924
4523.411161660304,665543.3780698694
2740.411312314436,413715.3892298269
4288.139190629685,632211.8411406685
4106.084262216118,643555.3992293512
2347.2716960676044,375851.9919351619
1535.3802133586378,253943.59788263647
2327.3695965189695,339207.2355680394
4217.9781909884905,613446.7519498871
1524.3464111872656,230292.56026585214
2859.963556359872,425987.56612825545
4127.435365823363,606938.8416250371
2090.6486380777046,290082.6067783165
3389.9433665121383,507661.1455914593
1605.3420832196655,232719.92347790033
991.7575041567197,162530.56636426834
4074.7290129178537,624511.4729681077
945.3588053391807,163819.81690933142
1721.2162778581308,232996.53064111885
4347.992398988481,660220.0260021448
2059.111791854002,294317.4546534269
4878.704072813725,707397.3267058372
4908.804506482369,727748.6312333812
1707.2420920410052,277460.41340884316
684.402000124507,95213.93294726637
3672.784778924206,582226.8100378131
2529.439261917547,390393.4595980387
953.3877978180933,135126.36009310244
3683.8526854011925,575778.8713883071
640.2870910036455,104950.99909283254
4415.88510721509,643731.5783133295
1123.9363810098666,205766.5098630903
1072.9034543602625,166125.0946157689
1290.5253408586304,193954.7249685044
4821.198613214299,706069.1385840327
3619.262121142307,566480.0835235008
4106.171909586365,626271.2949851807
2289.3574357973885,355988.3789755131
2013.4072737723,291860.46419532964
1555.1780305242648,249958.7160168411
2662.91612740584,417673.69098229206
2983.2293009037585,434108.83035994135
3342.9867964373993,473108.2166719901
1657.0332679941253,260182.45138589726
4768.943364063458,683874.565617404
1263.9132419321113,192627.30184657229
4845.4392864488555,717870.9908715822
566.8525512837671,109401.18690834349
2665.065613175805,391902.96416102664
2000.1552715245325,322168.75016875594
2521.0553626861283,367874.11551565875
3067.990605413551,480198.41091322486
2460.1512110571907,410229.51253531524
2366.8108263571776,333660.68118625187
3797.2553693598793,575429.0198386001
3586.443237889091,592942.1340015649
4249.720769161315,638789.8919122557
1624.81541557773,244958.07774125246
3242.8782938932864,502201.72303101333
3133.3765342678425,470828.09742207144
2163.8201489270996,290428.50244765385
2687.258938562064,425734.5882810884
1912.0196448757792,246743.97845406306
1138.2997892764333,162409.13536869816
1462.1054479822978,243464.33218047765
974.8114088054049,139090.862747955
3573.8130883555586,522198.03340404574
3473.273268991182,538576.2684520085
4777.728672109428,699637.0050797265
3783.5528614125856,543088.4148200488
734.2062744025915,115621.2209102544
4479.103282680294,668207.0264337923
4382.038233255766,632432.272704588
2494.9414434771443,386980.26732146903
3136.3837273756467,479747.31121789163
4892.352496126335,726657.7740868375
2895.369637316748,428478.80547501333
4573.9482276924045,695500.0889940439
873.6744101458389,154858.38991691716
1359.733409189073,198304.14717617445
2483.3972454859304,385603.35668305244
3131.405637517871,481014.8499693726
4173.0253333826,643539.9458615696
4947.17951814434,742863.1116965204
2249.831734133524,319228.24983870145
713.3703626303821,97755.57133055793
4105.271764828962,622647.8340399772
3219.7132358726367,519326.27294852736
1393.4428649069075,199336.03727211058
2726.7280547963906,425104.95709000656
3840.39610490176,569498.2867217287
3966.853041808897,597237.3313890572
2748.282853994429,442550.36308443616
1873.465385579866,296305.65946538857
4881.84161917322,707450.2574211638
3485.131749304218,511320.2619194009
2337.068837058344,375684.75244757876
1762.0845089209358,267150.23719071026
3789.9634235160297,545517.7111350872
1589.8255051719545,222094.77687631876
1272.6949503815968,204974.11301146296
2884.2525003293163,452526.0806737501
1804.9432668986383,271098.5960644392
3330.0731521562675,549017.2488421621
1030.7240369340507,171091.65280922037
3447.2349705529473,512215.6241902841
1774.83437598966,249911.0354364621
501.09320495530727,55666.294650515265
1071.2122595337937,167390.26533967647
4701.269200257923,695414.8391404204
4403.09587601911,693939.2564825349
1551.2406441630658,262012.33268281707
4002.6735704547104,613062.3665181511
3238.5721692828843,462205.9019332947
4869.071201524413,716916.3027776137
2181.225467903266,352297.3707003119
3566.572756327271,523724.58945318864
785.9107509076337,140329.44731453553
2283.113060673827,351959.03756176925
4837.179475346812,726611.2789982855
2925.4139350255423,424755.43399512256
1795.4577650068006,267433.78788052505
1041.2193340787308,159975.85920930756
3665.877530816887,570532.4075885555
3401.8521954337707,492563.1173023905
2182.724211216986,322152.2948320256
4779.236083396254,717781.8751480838
599.9126584453264,103240.46592052227
1866.7573323432161,261844.3131010269
4644.812688348116,670390.5073944732
1944.2094724374817,305110.7238998232
1635.1377523482668,214911.68055330595
2903.991844690613,461298.37099883537
4207.107874642421,627947.659246705
964.1604239526248,113673.44194740479
4743.593193405813,701930.574622802
4077.827965315238,619256.6674586704
1315.6261499819839,186689.90074619802
3704.035825391732,556005.9687852468
2232.3142518690074,349648.70509445685
2310.3260513434343,342505.1009937627
4024.8054159748986,584979.6588669121
4832.531635913295,718900.0654395574
1069.9514278123727,188789.51690104112
2392.836065954687,392626.69679986674
2664.237236379366,359237.0619780594
2193.403176297489,350831.0346284529
2134.3510567230123,325155.61282915896
735.2090040271844,128761.00418648066
3584.923792531805,526728.8036744181
2462.9648770402046,334079.461366001
1376.5721118976703,218175.5925575998
4172.150760359307,607003.0688282417
4111.523366682326,588962.6563726519
2688.762326400022,376946.321310534
1843.0279751649223,288472.47192304506
3371.417266084036,508501.6392331893
1796.6846109983137,285152.0120872406
1562.035686456704,247686.8580584329
3787.31594311847,559678.7201760951
681.4635787442782,100810.06533409261
926.4581196556728,128739.96737270012
530.546783106154,75375.46200861328
1188.2443391394177,158891.55611129134
810.4550391970675,129377.94175704684
4981.110655009634,768669.0132310803
1799.644864793403,253614.46912259073
1171.7060570116128,201381.30145976876
1584.4831609816308,239942.90407680345
4712.565071930606,711706.3403177072
2840.7210036097804,392119.5601493167
2141.6814333853563,285106.96881648875
4430.261560591487,667421.5613443167
2277.456217470646,357413.075113237
2007.538564809631,287703.1758485456
1432.77135147381,248317.58073273327
2200.085707592352,344711.5756239391
1925.079602076167,270595.1152772654
3547.8678168416345,532797.1458673152
1803.122171018272,320006.908327209
3097.3988589015266,439758.5487792349
796.5147426438772,130042.6101748837
1360.8012051343146,197665.28971568032
2333.3237222510697,364136.4841560307
4716.271642589129,732786.2193147371
2197.6339357206293,321920.348583867
3488.3335453992536,545628.2772440315
1647.8925008962917,291607.94301988295
1071.6510918795427,162073.15852881613
763.4147003602257,130209.97880391756
1874.3607434423811,269345.2961122917
1209.4746205860858,181806.3792685371
1283.047016072559,188923.550556719
3923.4168877412753,604451.2516743632
571.271319251934,109784.2166029286
3010.145565809455,449328.7378890691
2207.5762126705913,361808.88881524716
2779.4749995884627,447522.19876950193
3032.736067465713,471847.484983455
1910.154625057752,276202.66312422825
1827.9898708292837,261961.9042895945
3800.3083220070757,553798.6212072605
4420.746446545207,682095.2883865442
1366.6173460633754,180757.23775971902
939.2844224081703,154429.4164434457
4540.081128764117,659389.9823581354
2074.529586413294,327650.36035883357
2980.9282579826636,447483.6303520108
2117.9441503400158,344364.39378819894
1066.110513557231,182745.66860001007
3151.992402264776,501500.16857975867
2863.1338329633336,458686.4493102823
1413.4710163603875,214893.26913382206
2533.41070093525,356835.74381179543
4086.2637680704065,591889.1041106135
3156.917463985511,431800.64901150786
936.1279718014769,118745.87910165967
2966.096737531108,446290.9837837592
3662.322346803141,538155.2684039678
4067.165326013381,606472.0868138102
3331.0291038542005,509508.6739673581
1186.9617404335268,171962.95590371385
3695.779699655723,531930.3789401068
3548.0383073668236,531141.0727537549
609.9209732328495,73518.33624947052
2352.864504156094,347513.94568383286
1998.27611133068,326596.955988062
3512.3542891413954,521443.0372892858
1472.6111553991432,256310.82437682635
3158.923653384163,502471.26774638385
4609.426828163776,679827.9180529856
4090.110674938735,591294.1259124947
4646.559812974387,695932.8887077541
4903.276851197105,758558.0829475037
548.0155715277324,72398.51760458609
3302.335743698649,513512.1675200401
2357.7772899150787,377835.3932699836
4369.345206508047,639921.267968955
1633.1661590410927,231453.90209039216
4914.632701017843,751448.1457952166
3261.685862946863,492289.8304348609
4070.918310029739,596916.5159735874
885.1979877024575,125736.08919297687
1325.5604814148928,197423.68115768555
3912.8165286539142,555625.3907989779
598.9393491769563,105153.76450619735
4175.950936522022,616818.7966995195
562.7705841136016,28741.263141078256
3457.03477577573,518077.79700017045
2142.9226410431265,306606.9709785988
3251.726837236396,521535.469431513
3632.141331451012,533112.2992992525
2041.138486338369,284217.9056791831
985.8310164987599,158033.3058740543
813.4064048671954,108802.01336992765
3150.212101531465,456942.6912046751
2842.949091803502,436632.39142701344
3839.9045410450963,555176.3349989731
2793.809795017717,389925.9960886685
2401.006055138956,394670.8683127301
2291.392302063039,355298.82006146875
619.0110616895035,87567.47355353824
2010.0074076349572,301431.56695120485
4892.090708860224,743930.8934913568
4431.000093021899,684116.7629455534
1982.2013016539795,282210.6894217967
3145.0793227986746,479084.8289391149
4312.835354909723,636791.2197122537
2485.734515375309,369080.5524160439
580.8103868756793,90335.41538065
835.2970781838803,125160.9902665286
2796.7672460691797,434226.4248764284
4862.477190541453,739113.3097635298
3619.442939984905,512753.0568102922
819.1228614735628,95711.96507972559
1352.1239410633825,195424.2574643215
3970.954144475825,632215.6269202102
4286.478919803101,625940.0013204331
3279.6256378486587,487779.39148504374
3399.9042633341746,499258.7189609957
627.5185267252309,83046.89132702304
4228.386168116788,637822.7200956193
4047.238436768733,635101.311039223
1665.6581484650621,258968.0902673711
3689.0452398447815,537286.1667481754
1466.8457289124913,275091.4495529378
681.4857247318084,103794.32312899377
1405.1144416566976,199222.7471208624
1303.8299453943478,223816.41930270393
2019.8659853068125,293598.4854371455
2383.0227372895615,390711.6836931831
2788.4250117396855,400850.89594161947
2645.3924397874766,425409.4737465489
1718.0357268438022,261726.31231220422
631.2680085833351,120511.24594154894
3222.957300067178,521478.9091841076
2280.8517343130948,319475.6143365392
1844.0247082439737,302119.14265176246
4401.2346927373055,632007.1258220877
3860.344885091719,558108.0456587933
4359.9449676759905,637923.5559555498
2727.4225762060746,419186.1191544684
1089.1906345704988,164038.912724272
3632.996462545726,541606.7476986023
1427.3320097172887,217024.50703804052
2485.5335109127254,384655.8184227783
792.5035502699982,132240.49501932677
4213.887810903421,653966.5083478158
1066.7328847137526,196410.6289624117
4563.938781721894,684163.5698094545
4389.037710177007,647933.8772839328
2590.6224399766074,400864.08858019486
3849.656919367958,554563.4415799013
3287.50283218169,479551.34218502126
4113.840390519852,637063.6775058336
2443.122953536604,363985.87553413655
4036.138179099575,581256.8776977755
2581.0556767931657,357362.2902116714
4734.346045292572,711126.2403817619
2688.674453713164,426139.0987963348
2581.786723701783,409838.9241058912
4032.8233770358074,607141.1166132279
4197.09961292377,669743.130320488
2995.2010144452684,447183.744847981
1309.0901607278392,193592.17164122767
2604.912039309108,339388.0877015862
4856.326263093552,719501.6804808086
3888.437868676333,600305.9809996198
4150.231717456095,653813.9843556084
647.7147446865806,80552.5190296414
2605.3675818537195,400050.1838639189
3409.795101458999,532406.8458653155
4235.147076326336,635496.2245128684
721.7314411224716,62594.10701782613
4335.97498538843,655342.0477997495
2967.8042153386027,460399.2447820083
1387.9128675922698,189238.47223847127
1927.6484740236501,284064.1804860598
1768.6829828820235,242192.52658972822
2888.865654298141,381926.8971731141
732.5855596000932,130427.9221757671
1213.412713249656,181936.93631141135
4157.11869519102,655521.3042127527
1096.7179583606498,181654.13759222103
1550.2832125615714,225458.28665092675
2540.1677252187083,379361.5455807181
2827.043996509987,435380.1472919015
3936.2471582637136,609774.7420746719
2512.995919997845,383402.80061451695
4054.3907946599247,630270.4821047783
3282.5583817045585,486450.38252219436
1008.9488274072011,131399.45317536642
1203.4914727677738,179227.53584394345
2466.6517645239687,374101.46249331895
2286.0022689006782,318869.632440316
3845.9492133678255,550157.9403222414
3113.317129088083,475945.2952926811
2246.5988645101215,328862.69264910975
1268.4212755267354,186946.37321577026
1520.766960464728,220921.19075569272
3089.7545831107655,493875.20550187904
2405.474622049066,386056.41651525995
2817.1737898730244,397828.99468017026
1268.0484588600516,179551.4045673988
3483.078135550546,539461.8056919738
4336.424333851852,662502.3748198426
1660.7277805410527,248280.0078345622
2711.8140162432196,384020.09833719826
4889.872980594058,719830.1461660379
1999.5878324782743,289602.82352081535
3177.708552156925,482196.1694459208
905.8806509010997,169956.6407291097
3227.067511157494,470322.5219778616
903.3429798707806,114980.7420295123
4816.559458957199,720312.1893070211
3720.481934325401,578707.0697590914
4046.719046610679,578070.1976563878
3668.469623472366,579343.1265383539
3153.780662344096,469626.472109301
2524.607514884774,364004.7271864486
4362.680208924781,622398.245603474
4805.760503943784,734994.4910599801
2745.6627780683657,408425.99280542415
4691.907721198679,707200.2678348919
3124.998094948329,450733.47942202206
2922.7288410339493,432027.40547007194
2545.172298299105,372044.21981777105
1441.7949268855393,214257.37692526676
516.7384736812663,64119.72452467373
1586.7780208522756,207333.08391409693
2793.7542722160433,473633.1357383386
2209.8197851688865,304204.8828285827
2518.1835260118523,381356.70904062863
4912.916988038223,701496.9916372527
2076.2256680119744,271492.90146943665
2534.8232271204856,382180.0139051182
1100.8199810876881,168610.3489185193
715.8097959664444,132601.44921101435
3989.3428156662258,606392.359170248
3068.074287823904,457214.9287986698
3923.1716271975274,569483.739198329
1174.3825949894822,206137.6306130933
3073.229470322109,479561.44546932087
1641.39113453619,221282.08062546002
1526.2781760500895,229701.00097172614
551.8670632384336,85661.10411629498
1086.5332560608235,156066.91527701015
1891.706501748629,299192.98497843026
1025.9544226592257,170527.8261658474
4936.362981849219,736644.7333212807
1888.8469183577781,277709.65283771354
1086.4577601604767,192947.83327742215
1395.8704077258099,228037.33900611624
3144.664527536644,473146.88692866435
788.1958573915483,85645.19782713118
4380.953585635206,664023.0399713815
4826.748556567163,737973.9527834279
1610.363393003214,186464.07638251464
2525.428708658867,383851.69526519056
599.6050296327368,81606.91470899581
3383.196011272497,503062.3160882835
2362.66726123665,336252.47013023106
1715.2630974570006,254325.67881047726
1430.7669977747382,242454.88118983738
3443.103849464422,507537.607443353
2372.976639645415,375257.96712267597
1308.4668006346042,180143.3957175984
3600.990866690708,555323.7538567269
3042.8252736651216,456456.9081622072
4364.024247182733,661644.1336531956
1028.641544944218,154439.29686358242
4035.499708750053,618157.4609613322
3530.8255406776657,478272.1287429747
1017.5492157264401,124235.87608981463
3626.693284422743,552345.6026235843
2486.9627999592367,332173.65291596076
4752.431535001294,702253.1231372498
1137.251077780547,169500.84484634903
3392.750258670821,492349.73604836524
2218.910204583257,319005.30263361306
4805.66601765895,726281.5466519144
1984.887028806244,317918.9534365328
4829.836592713101,705306.501281869
4556.686329953371,672001.7855692583
1716.7245588979536,242883.46436815214
4115.937995718925,568963.1043202932
4980.218908115777,749867.0720237166
1636.9835097707705,264241.88138218544
2465.4972619549385,390157.45343955845
2840.8133145504185,408706.669653748
1827.1901111173895,249044.55569720556
568.6917784071339,85735.87771290378
1490.5815988888698,240172.71356465982
1768.715979537913,268404.40589689463
2496.198655931842,380215.8911072515
1269.9611528603084,213330.79148377094
4429.644605112527,649663.9595822649
3672.1000972910124,546415.6128601913
883.4021490184789,165202.43258799586
3425.4160301296915,509876.18205750117
3441.454143825292,490871.38225446234
4802.995281396325,707062.1702844427
513.5939211027256,58275.491140984
1615.6960241261324,249497.6553329453
4675.0616571889195,683340.3085065624
4694.602619292274,709611.077951066
3742.6388871678682,546674.5287043672
3945.93494471393,549422.6709391249
911.673310683412,142883.39234215024
2812.441256502051,424835.46210624545
1542.1234608004972,241673.6754342514
1315.4811962612775,183862.43505588648
4146.364846054997,606363.837401062
1107.6716150624634,174180.07942900044
2608.9323664837334,421720.24642317963
4723.602078137149,708763.6719106989
1336.2442500440416,208928.33942754913
4900.970406822055,728713.8073347942
4974.295935924765,715271.779951241
3000.2771960708133,469390.16779370315
1265.6423307972107,208014.63440130482
1922.4719957340303,302586.2798636084
2410.2177470444085,357893.7532898129
1891.9590096120032,295734.9734365713
1762.8601094443209,282304.25236440473
4875.033691473609,763658.2274201754
1190.1417233708553,198291.78059857714
3799.9755892258804,571272.7628845548
501.8463024762869,49111.8802629556
3182.8220123106958,480536.4678000392
4621.743517793236,698393.0755859715
1795.7034234194855,283536.1090192889
1334.8668886597363,227307.87048542895
3432.5590769529213,512980.85130180256
3706.7063328427694,598025.6937226776
3596.137335283916,504234.8598917759
1936.9259600961832,298925.73146366
1634.910809716989,229266.2136138678
4801.634599829199,682100.7499806038
4654.847787214682,694191.6805562192
2557.9247445176916,354545.2577092346
4307.87239769468,642952.3016935457
2535.4556493543323,381013.73236503894
2409.750581326297,383833.4153856635
1205.4332641968258,150663.28693424512
2418.8272542138775,380992.9914449971
2918.3762236991315,439718.04256046563
601.2694734290891,110767.40408655527
2498.508523289329,366141.2549927768
4016.1029827784014,575770.5556814914
3560.2072536842143,509681.1015283149
3358.2064498877075,477894.8184098138
4592.999427967411,698506.1972535247
581.144044213535,116710.04707632423
3006.7141378650535,439708.0901466536
4043.069817843682,619043.1786417079
2936.0092221557024,409932.542160643
1957.5299866117061,297235.92297530186
1113.1275429139005,180340.38376382762
4494.033823172861,645142.5779703918
2618.430765744213,388686.94548203493
4451.518386435657,682046.1007750599
3136.3345509492574,411774.76969779906
3533.8645247675036,556788.7399491604
4119.175194703025,624949.8667232748
3466.199950700605,534264.5455594376
2291.2467830552196,335432.6318743876
2811.3502276789295,387248.08452053234
4113.7048610414595,627736.9882825579
2181.426333678429,325562.1435434341
2246.546555458237,337624.29242738197
930.6055222610053,161342.96804312986
4615.629958497865,707585.7712519317
909.6634172544877,174874.2609299654
3416.9412985185013,515618.2793552452
2359.3751546125895,340082.02443606604
2325.2872561494905,345024.7514842491
3557.9832645770775,542010.7571373337
801.9217968344542,140605.39990502768
3171.676023281456,446410.72446344397
3974.1430368755964,596292.2078349229
4226.957410489674,666234.4447142185
1267.3867522719888,185303.83542074793
4538.385725351782,699378.0959001493
3452.65741331349,527760.9625413436
4468.346603693073,689369.2026844607
2683.763226995892,386369.27321738517
2939.1500529374093,424764.4745392998
4635.67224662902,695756.2748367988
4549.592945096023,651794.5060195973
2516.723930160509,372113.7773918432
1734.856842360568,265286.05950439855
2269.2669555391885,376082.7554698737
2244.939478383874,344795.2855429775
1790.9009374225727,281139.7100308479
1708.6082194983496,279580.7498657525
4374.783214158737,636924.3303459095
814.3786430809776,118855.14321472692
3549.2503194481737,580895.799753304
1277.6902315540353,190071.09028541512
2050.2765202732844,329870.0930166368
776.9436536067658,135816.30558447703
1714.8813658495792,227669.9305896831
3957.8948200275895,599893.8085442571
4482.568960462664,675320.2935135042
1496.8721835606516,231130.00329090643
2585.9652766651484,372812.5419039511
2616.4582157174286,370130.3421193711
4431.088875918804,655143.1313874035
3932.5957379411243,587933.4607494846
2808.847482656224,445026.81135043997
3518.3624021229803,564100.5767129591
4313.09774259215,674896.618313286
542.9252931149523,98642.49818287973
2313.0051397252187,326863.965712791
4582.594252746854,679211.2144122382
3831.4086387977814,578909.8168679271
2942.786184503336,428769.1469139769
2883.4003716581005,444054.1687992741
2064.96543921997,324154.5380480812
2842.3424013868153,437077.16145933163
3449.2243975855395,537886.3517289825
2382.633672929569,339303.2266651739
3713.689158764783,575709.9478965614
4375.545022671737,642418.8443983565
1196.0818168318751,160593.55347192354
2531.9616026784097,390436.5630854891
2336.0904107828646,374731.03286140936
3593.5916182237765,548799.0124610866
1624.4035936606822,244076.6195245532
3381.129117285243,513372.4441148166
4448.7015877916965,670033.7765301001
2381.5921990713023,334719.81193798746
4599.57064990649,665083.1945870752
4969.236825200653,743809.0061906289
977.4142247657843,148209.2704302537
1548.739345931864,232537.54945713427
4776.7088816694195,730028.3645234111
4812.474589166241,717561.6540516493
939.6827392404132,152211.99452415912
567.493251697115,82232.2524080383
1224.9501046539,220209.69493881433
4982.057525220117,748922.9033175465
1309.9982747480908,243314.19344272715
2761.4642302491043,421259.8663591829
4317.8797689373,643408.4219288306
591.8072480969286,70782.1276893458
3220.2004201630675,454172.29154330626
1746.6145199133096,242163.33229907328
4380.507123978792,639483.942413539
1775.5751716883562,274232.67616149696
3590.40074126859,528036.8037690849
3533.988346013286,533836.792953083
1496.72096986838,250147.7127277907
656.5963994075755,96733.29287843926
2341.623082034288,392826.5962744793
1801.3691838464135,246689.1579701781
4140.399873261689,618048.3100217548
4101.638848049053,604459.5687351384
2556.6077848668147,402221.29985116236
3229.3050139544853,439599.9194858504
3219.1678219411633,454012.86750761827
4222.2116679243045,631184.8137396264
2412.510863554389,392904.1839533482
1739.5100590572908,265443.34553933976
1692.6571316324637,226867.62065958488
2912.8652567699187,412986.4566616832
2521.1669122949565,411634.8309011425
2480.543469432213,359658.8244389071
910.1180259036826,117658.43643655711
3733.71683310588,589604.9761784993
1461.8150959185982,239494.20449952956
1386.291335939246,233424.8932562228
2357.4124412482706,334611.02858192427
1525.0025372801065,198248.26777172877
3127.362202886069,471767.66022016446
2171.585027005122,332440.2767122415
2520.102751667556,385307.44882423
2917.26194721813,467152.97079549957
1415.9098511681218,177711.13587505333
1200.882302894884,197326.24646018792
4461.898562931221,647352.2835567369
2451.7566627413944,384878.20582842594
2354.4212433464263,343664.0524115364
660.2546762277866,82758.76551635776
2740.8933616432696,398935.95010750636
2993.7637472495003,420152.3580718938
3014.783919295999,453026.1666910692
3681.6402619529795,536792.5714797378
1298.668257459553,210526.20323693848
1635.0041040377846,258051.73722632605
4148.287093536857,656006.2050885845
4762.267775795273,721666.7160401125
1111.697363152943,177168.15981454292
2739.422995273482,438915.44552757853
1463.7931373281408,207015.7166786872
770.329257597421,85784.2243831525
1964.7650215676094,298716.63441770925
1146.5943133289575,143536.47761505554
3694.6988304541082,603283.5980266241
2901.7643615215,464374.62006980384
1147.255119456399,215367.79458449146
541.5871478248147,82487.01170698479
4136.706720608958,631517.4799653756
1292.874827739114,184741.7155218142
3227.974889993447,501854.72961075214
2016.148608845355,278111.4270857821
3134.6867224176603,419341.14457315346
1920.441321420458,272251.98582329735
891.2280231151437,104574.73395492524
1503.2750385098911,255049.7904996744
1346.2635491558403,238253.08147498238
2426.087085978397,335854.4814484974
3462.277025417708,545175.865963081
1687.127337258609,272096.8002588068
554.3147088527808,51751.67263353959
2835.218139191406,417477.3702600786
3225.917702115374,472284.38087481575
4832.917223008144,739897.4914237655
3152.6186139196107,448317.20506984135
2620.2765172016384,391064.0250670561
3080.307316539667,448327.4074019577
4675.552834379122,710799.7488245711
4227.701655207408,629819.4076473527
1953.404300137136,282305.7309417625
1567.6446364571177,230880.76395592612
1681.8512556473313,292998.54500390193
2769.8946787184586,407146.209085381
3848.2225305286,556413.2752136143
2764.4864323233296,426341.63623161876
805.0837812265066,117892.07379551686
3756.113151979914,535112.2941796577
4126.865579019292,663659.7635569432
1802.7403930387384,263361.4800440778
3488.565826775077,515727.48493703455
2419.6635547447704,366146.2402498775
4501.037100773492,709757.9005002006
4303.51501172333,611932.3452281195
2864.44399239339,435186.3158474193
3611.774956161175,583511.6866600488
4475.073654599468,673835.6218047132
2730.72654535224,384902.3022167664
1909.628332199699,274076.31277074176
3891.4976205931157,587862.2936841031
1490.298146531113,250160.80029246418
2248.3901660271895,330471.8080157572
4395.772566980571,675898.9209957343
3759.900531211918,535277.7031408498
2317.1495236137466,318698.0611501609
1466.3502608376084,210296.52535194225
2101.8577587450645,344039.2382492249
1778.4686715234484,268147.7935187926
1292.4017957473427,199656.4932734338
3844.998111045455,582311.3085682888
1634.3144908257718,267331.3332756004
2543.7536157549375,369358.62851248356
2236.367510762491,349220.8287841383
4919.348203860339,721284.5773019482
2259.9150986669924,378652.71791846404
859.9211725853966,112980.3538018757
904.2158865743781,117984.59692458432
3158.3917460887915,484752.1581830797
3197.1359828221953,481166.1660519758
2384.4154571719473,364199.36670101073
2443.2966154041333,371040.7682204663
742.6966227839205,89596.64944143931
2824.45929675168,455936.0730943417
2771.3276392115827,433569.9899995196
1172.9719335062505,203124.7890512799
967.2772374991741,134524.96784266763
1056.076207697707,166741.9020489595
954.6271092106633,147141.4356262933
3243.686879915419,509113.084511343
1384.1719358131338,230830.75300856246
1631.4356848435855,248576.36878570012
1281.0746486814787,161802.17466535678
4810.258870018264,757132.0682444935
4345.778584183259,662986.5363012917
1537.2267680818438,218415.27438445372
1974.048322649567,304238.09116276895
1444.517790372487,186455.7975868226
2713.441817573707,428123.3339854769
588.2473961341411,58812.8745345381
3521.1560400355806,523756.7161645955
2854.2116741793875,433020.8401190191
4543.875177354965,702358.0708428866
1239.7670794778637,188095.95545036704
4118.491607275093,630472.9985635149
4063.8245651002208,609010.346596042
1072.315351475991,160203.583702513
2293.516508648574,345737.02130425203
1265.686885150326,186071.87435550138
1646.24225205897,213204.9329472168
1684.6077867374495,237324.69813668486
3003.0637731159773,455355.06278963055
2351.3491929220945,347719.9588685398
4764.797618028374,711603.4610606179
1068.665638761523,153832.77242545417
4881.614606825895,714970.2231692479
1537.8738809641877,220819.09292510228
3977.932713718339,590553.2721699789
2025.3646677776962,303907.5629774914
1143.8662793779126,179447.50879608115
4360.501333608079,650464.1942234972
1889.8740465640844,262888.00187076424
3464.84931902079,491765.75705474283
3048.9965828898194,509298.2315809774
2622.903392258934,370839.20823354885
2731.187626918426,399305.6440124762
3795.070613415294,579600.5980625728
894.9781135554827,141463.92922463603
3506.812978810573,536439.2606728175
4531.154456293604,670818.8270533971
760.0468865893887,118778.19440119925
1132.9400265515003,171167.87726754232
3724.843715159141,552483.9299230454
2467.7674171007793,375073.3074005437
2315.9687936615974,368502.6299842538
1116.3498554490614,167008.4738486527
2780.4651832300465,416758.8344116355
1069.4539003836976,181781.30575507434
2644.7920533974316,415946.01520599105
3936.268845327455,622119.0556183879
1662.1896104922357,214203.83688424382
2663.537756808773,417633.04718470376
4964.07186228576,756642.3802509076
3589.9269050931675,520775.9878089098
4286.105470873394,647947.578990986
2366.814229522456,376044.5693835284
3955.3741540663486,576722.9446602443
682.2912782359483,111194.94031584839
1053.1003214401026,175392.12173063573
1413.8176681402797,190652.2589704122
2308.783660768488,343471.83526637027
4305.851952465934,651897.1604027384
2058.1972285456873,292806.954170994
3445.795370819583,499286.24164106644
3691.9143266156752,551086.2569550958
3137.8205933975364,486705.88334770425
2107.588856765613,329013.00853868417
3096.7400377109493,447282.7510729155
2040.195167553858,319072.63283539243
877.4318234840543,114895.977999278
4967.617901837065,712939.2893156911
1072.3210413462991,153505.28478100023
825.5677272622581,146294.54652105342
4453.388371432202,681127.4667576577
1858.2559740180282,278706.95995524037
3426.3363833307844,505616.3478277965
1980.5257834800477,289283.6247996785
2261.54421857512,341407.3309034839
1679.5083740755842,230557.50639442104
2043.698026068546,299592.55700625596
2348.151802639444,347911.3811687213
3741.872310915543,534259.3574683014
2801.912874056563,403517.96609053295
4746.043477206396,720116.6574106871
688.4617722744898,103459.50263999336
2763.8074518441267,408395.8819527513
3129.0115497427314,451123.1837106504
4640.886437334233,727669.9621119193
721.2133562964241,91422.41915087725
3080.7481322084723,467144.0759765056
4341.334678375806,641442.819994895
1588.6747765365647,239026.8023332514
4443.315568357719,675649.5300924652
585.6953417343132,60449.16947598925
3796.0458311017837,569274.5497821978
4699.009495258939,728665.9972684378
3457.38947738028,553838.459476882
2475.631597912016,368744.46022169973
701.9645741272311,106128.31026342284
4640.51215995183,740303.4845648052
2616.3330021120864,415148.4359487969
630.4853495117661,82227.11104166054
3604.1948209794286,528249.5541291918
2668.2676410931617,419371.13539971964
1059.5539284908482,138712.34667271262
1464.223141896168,241388.00631120228
790.2080620513082,125217.20858271638
3084.320928688581,473002.5545838286
3299.1326566340417,489735.22242550517
2775.8403425994998,403779.5553049967
4176.959598511767,655783.7963941314
4374.539695886061,651246.2087718396
3270.3097850740696,482327.76622963324
557.4041586834375,82007.88244491944
3628.53345086481,548140.4602840804
2380.996476141582,336532.96888684836
3045.0086745187414,445453.871293673
3420.86270908498,500768.76488462585
2076.0647644718456,328315.32076291385
4626.943273273074,676322.2396309633
1102.8869003740156,130317.67790094126
3521.8031327646686,488928.57865657716
519.6181098046119,48535.11377717744
4660.929974323313,726370.2602054592
1006.2685995714118,151264.42192539282
926.9790356640858,149071.8370857569
1998.534348735099,310509.90685269143
2181.0482871758627,328280.9214442258
1464.3503254529537,218156.9228849169
3133.0474741720614,490847.649722172
2493.113441188836,376886.9344645782
653.7901506848934,126050.4721880023
1938.4342801488528,303181.7409281253
4146.948111079268,609686.2911922697
3603.656906878409,530605.8555543626
3761.918841109462,549738.5300373337
3641.526158375856,570579.8841953928
1899.3785962236498,276805.7703746364
948.4876493454915,126303.69146583107
1726.102328148932,265310.9100448762
4243.033850833217,634511.7354975325
4912.11859002382,742709.1587550762
2722.311566337026,446143.01302843075
543.65159715369,99809.15569163069
1130.2016546040306,170070.4592766427
1949.362588923196,264235.9206543592
3103.634068668274,455545.86035606836
837.9214061239129,139909.132969493
4745.107844194467,688345.3558359337
2142.876529779803,364250.88539357757
4606.628980661703,691282.6783519665
4012.348112406598,602829.1847251793
3899.467726320115,571587.2550888577
3230.2381090200442,494470.471488521
3320.5271767333006,474919.0403795505
3371.0145584731167,548950.0355529967
3329.2462416151193,525733.9623353081
2991.7770412926257,468452.4850978347
4938.863083173,713020.8823601538
3795.3075534156324,573404.3984214999
3996.258747766345,623620.540125232
4426.082667876533,675774.5081686347
1470.3789322663213,200514.6577472727
877.1187159277736,118565.93228299293
2673.024964693694,391915.02194393426
2813.3631302867293,409935.7128532373
4231.31800977463,665273.2781804006
2497.0261067705105,336133.6532391115
3068.838614949407,473444.1750355878
2871.8192233105624,404926.81599801534
671.9125269082598,81561.84928721761
3268.467034686113,450075.3878655426
4226.194785984135,622948.1292744428
1208.7524663411173,211527.50298195184
3174.492802669681,481470.40524974774
3171.2474500088647,451719.88656134775
1238.8323382536144,206167.8042256284
1055.5860817883122,182963.99753962053
4910.233743394181,738615.9911299088
2271.736263438669,381455.4226788522
1523.3977792558817,244940.94938087455
1270.9604500446871,204297.11765255485
3504.2077111245576,509563.58252535784
3242.503837972755,498923.54540834005
3395.984553443379,513733.5085685967
896.0271238015351,144800.6486236508
4520.905625742966,664444.1314786182
2251.6987856407172,340316.79553328734
1910.1623289366107,270187.11933619244
2580.6265126148264,344151.33489290334
2255.297295864327,358260.6857512168
4386.096514126157,627866.6974851332
4681.674388390515,704394.8875542255
1865.539474023228,286490.963692465
4387.711133569796,664687.9303527306
4016.854082898802,596866.5309628553
4688.634525551428,708719.4083383137
1605.8764048364953,250300.80212117752
3096.3161755444057,479146.72264670057
1735.4506313320007,294986.42148748535
4208.425207179684,635947.6641069166
523.9588575697892,79874.80553582242
3041.6862329887826,438118.3556413155
2026.415440723631,312681.2425865314
1952.076681850191,306159.16434034007
3402.0784573921264,506465.70492318645
4331.680021912973,660644.2533706266
3241.379261269968,480356.5653195084
4339.278403910252,664311.6136283162
1690.687003464635,271855.0968002901
2837.758346442415,443636.30930097203
2527.4144258018423,381469.0503931024
552.402047763933,62060.944132248915
3005.6546441333307,438609.93556716316
3476.859458657787,533432.0652763626
3163.6148198858155,523518.46909767686
3813.2595445253964,565174.5162481678
3071.027878038847,469770.93527358986
800.3761468284061,108935.37087467285
1024.0048583812013,134121.38787219816
3184.1355989477856,464094.0225706206
1737.406363881381,218961.5150481537
858.4030806564463,155829.16335662195
2433.2123455184606,320379.2467694768
2994.451691376449,443891.1890984547
1979.3569475732295,273340.9842289833
3741.951660016001,543605.144695156
3396.967736455601,537075.6136631136
1997.6826249125238,303673.7335375064
3896.926380088523,565231.0338296443
3419.1276913986594,501078.8110598687
3368.5042042305595,489966.0062257422
2990.424653541806,447692.78458969324
551.2535063984876,86145.859655527
3634.282325646001,583053.8443114713
2192.188059991204,290502.1936787265
4741.74369571395,710565.3080619334
4180.9314698474245,620828.3666264233
3144.625112890905,490624.7374879713
1634.8189181867124,252319.20009157472
1416.7282697494998,224316.48462472387
2031.731769548971,311661.48915264726
2644.5557461100834,378043.5394108417
1832.294795175262,299069.5292061495
2817.1827292661724,438547.5074822392
1244.1669148093365,204935.63305589533
4899.70765771475,760237.1520673558
985.6604973424724,156202.57661441003
4693.748628444674,733682.142349051
4611.101051312127,699217.9491325519
2864.122168187741,425237.1534676689
3762.0962232623797,564182.3552796897
2462.2173408766453,368855.72576877446
3335.1555989409717,489885.51339933486
2032.5917183950341,337526.53472665953
1855.215589034504,284208.245665249
3102.0340377628117,467199.8751810799
2741.5835338279117,419003.0151727154
3107.913661174915,525784.1395109802
1789.9726157916034,245861.40859674732
2151.3102431764787,305795.7662421463
877.5408228300919,104019.70307557387
735.2436752249257,105634.56651502913
1640.5570835285732,250993.9313958332
834.1108669874559,115810.17968129684
966.9861888563331,134253.39236541456
4158.177824272717,626574.7709734702
674.9316365751018,91197.58898967133
3465.2425727063423,525989.9024496082
1726.5098696693024,281261.1673852474
4421.95556318657,676833.9438740015
2682.465280598748,419990.05903311627
1875.0940669752158,302982.4782764167
2829.3752106024554,430062.84479274234
2218.81108570371,329648.84233469446
3039.354791014236,440458.15723447147
1015.397907468567,144486.12284757066
4986.4572626564795,737494.8787449341
2415.0014496352287,376883.66397770256
2067.037878683159,316991.3328943578
3695.944317423192,568326.8048677648
2137.547329228996,297425.3622623464
4249.734372629409,666095.145579233
2544.2182596219136,373093.1315131518
3738.012859694457,538701.5961126753
983.5394739884895,138746.56580183716
4307.536334998003,695805.7701014507
3810.7309405014944,563855.3037453928
1452.7255030788456,211406.89603240835
1153.7870438560399,169225.96296581248
1923.3155692653097,285524.9277211674
4892.317637143569,718218.1242555104
1655.742085551764,251225.5744968872
2552.57244025985,404397.76420294406
635.0910157280134,101549.43866877616
2287.5238830480466,320905.27647920727
3070.9400694489623,453754.0923186702
4789.060756285843,707328.5654408439
2825.31220223029,424855.6196992395
4185.982967799595,654506.4786011855
2962.0743915600524,441333.50281359017
683.5325604598315,100766.78669156691
1917.5372383539832,323183.48212948604
3089.9727852399647,481020.0376194279
4777.6728466900595,728132.5526456396
4366.08661888055,694075.625138118
1527.6002638048144,238936.26466660242
1490.4942350862357,183843.59242338492
1405.2783520125536,227445.06795949023
4651.245033361264,665846.5858618167
4336.997688957743,659589.7607153105
3986.9754451382696,563771.4452881557
2267.308014009024,330759.0938933552
2769.7131693444508,408181.2848094702
2589.4928515781876,373021.5455920931
1640.2914840171768,239066.6826587525
2772.626207669451,436545.16555762873
637.234465337395,81306.11155741817
1093.1466807385664,174874.81970099578
4489.653182760259,654134.9846218929
3882.5589516414047,578593.8512183682
2402.9078407658917,366912.96144143277
2827.1766302774477,404145.926209246
2164.9949868198983,298514.8393647709
3833.509402223026,584863.9733450317
4028.842306544358,626787.9539684665
3934.783355914216,588636.202997385
3751.752761755023,553616.6561321194
1420.269524117581,216153.9363714049
2020.8649065821546,304239.33436263085
2614.3044574265373,397003.71942820563
1988.5684614244503,247720.36720739325
3897.2309007124804,563202.5492835528
1982.090859124796,280409.02675998234
1122.044390534017,171324.01115033383
2295.6820342173683,348069.86280505056
4909.614947520711,749165.8519017873
1516.4663582010915,232621.58871437245
3254.7139652445308,462192.3933789329
2448.3787242786784,396196.900993503
819.6105544219698,148379.9492317428
2695.4447269912675,379152.76324815163
3659.739478917406,555615.0277250946
2809.4898912251842,409514.9959789173
4424.477286859615,666448.8728129532
1800.216574959122,291098.6918367057
888.1212708678422,175820.27595659552
4714.545252461027,722207.3419720064
2201.8835728769855,336181.23063375056
3093.82498154135,457277.32386503654
4064.014067585882,613244.8075581058
1959.4114874401125,321107.1609825832
3722.7404217992503,557516.8881346958
1109.3848241802261,148685.47060008094
1810.8218624247738,239229.48205338354
1151.1978626143396,182940.63674035593
4150.53751280611,627526.3894334713
1501.9215585205343,212370.07031283423
3728.3159993234462,579767.6824126629
4744.842787605437,703290.8808530628
2874.9749408099465,428553.3592849961
2930.1313651730948,439186.42211000534
2574.651056440154,379178.6036232614
1966.5056452713923,299693.14810570027
2640.447639162127,419097.44879297906
3212.6338952004176,459045.4463176942
4936.962074767967,750314.7139846752
4719.940516932009,711434.2509319301
4379.688312319047,660028.5234387512
4501.087410671862,692600.0029982611
2605.3213248141933,391784.14722647215
3458.4994722985916,528379.5060829028
4527.800253212963,693487.3305733674
2268.278442461089,330154.46236155124
4827.93115255461,730173.3420994674
2371.037279311324,350639.8397524859
3204.87199426947,478077.1635460226
3694.121209725674,547676.9535292845
4777.664058841722,726071.2169081961
1600.7732332351973,241748.87916564467
3857.58940207389,586529.2909974171
2843.6701376483697,426200.1733893405
1708.5071327928847,224193.6496695262
3994.7307790837576,599836.9851845579
2985.0002607823094,449020.7982204827
3474.382192923541,526009.2476816004
1953.0548086005547,281083.63741636835
2665.7327832242227,375950.52315032313
3278.094129446302,504206.25231483084
2322.098664214298,342842.66850146133
1392.676429314656,212326.3453508983
4827.382215418868,718478.1307150644
2801.6039301917785,420119.3530132949
3802.641666294652,561410.5429854817
2349.7123710022615,333095.1838672627
2098.0929381157234,324188.57393273164
2332.2393431020623,337773.49970078695
2341.384897035424,354486.7641732098
2948.810521738791,450530.7826988602
2945.614414916134,430105.90792535845
2737.1921714729224,386501.1130334786
1106.5360321284716,214502.11709633179
2732.3396532523902,399295.51046895003
1260.9675518929316,201613.4759559629
1067.6110383309433,198930.92674104398
4696.9057280352545,720334.014142366
3222.275059164669,477332.4026981493
3467.7052615606294,518813.4614833922
2308.071516500137,329558.5830802436
4590.414013616889,706196.0305816882
3370.6872031084945,516928.4946274479
3961.2644128561437,583901.1455631867
2158.5311106247123,302936.17045173794
4820.053463686065,696583.3447996359
4192.075805712418,648541.6509329467
4342.768083565446,653822.6751139282
1274.8742034158943,195530.8212390392
1719.3344354204878,241441.19279582603
1785.3196985760967,238527.8927203264
1719.0915046109203,277115.9971858707
4349.336729469296,653241.2901603391
643.4815784386644,114666.92996695207
842.4499504134844,118648.83003171139
1732.6169178345667,255156.18081444784
1399.4283859224965,224180.2214207871
1543.3682624728176,246152.20096393314
4090.74435163985,629562.9651996966
3034.069672514211,449206.42581507773
525.967975818356,91186.14112577075
2431.9524456688787,386974.85615986615
2335.4821708266154,348226.8853903616
1012.7537125004459,141643.2895995858
3542.638048706557,558250.6593723189
3659.4373477077097,535826.6874851303
3744.0194857344395,574192.4528024555
3778.1192550136643,565549.4420416525
500.2377211953356,38204.34584960913
4792.64361731025,741468.4239461091
4163.939451745984,569433.8451709503
4567.917634651783,645505.0838626154
570.3948288834536,96105.82592213147
4702.3645810358275,715896.1111289364
4144.048379096472,608855.65970692
4267.486143314143,643079.3633031864
919.7932312488583,87340.38377176865
3824.5011301336895,587814.6788094654
4819.62510338941,727938.2752494834
3553.4630363817228,532106.5983905825
3067.526320810729,460545.7777643648
4755.333549870486,723165.1160044336
2493.217047804962,373404.5267007871
3196.8210483971543,442042.0472049488
2643.5223207246477,440454.9927991476
4697.807996121346,728687.215806771
842.3812704447827,100658.29732762084
2755.0386537140666,406353.05344757816
3591.2859862344726,533972.21413205
4063.579422900066,631113.9047651892
3123.5839134986136,425352.2083183967
4590.129848546543,678539.3119933857
4738.961510977423,675631.4977798634
789.4365043711259,112713.56533910212
2310.6674279361846,337150.0963287296
605.565597745195,92428.72100943349
1982.3749581849931,285258.7557475653
2915.9069808677095,422365.5793023459
4598.57718729477,702179.7119294784
4309.494451094313,655517.6224829986
1073.7487700239358,172090.28235915522
918.6366863340306,134257.50114028773
3151.7030244050015,461320.6820162464
2894.530876064522,431802.5817692629
1698.6993864351073,264828.14936663513
4547.538880492259,638595.2380544018
4673.14884257699,708854.5649939658
2311.751472530732,352945.48462630576
4506.361507010841,677197.2441733407
2227.770024183377,331179.23519007297
3815.675743233651,521028.9737663993
2641.739978964759,387463.9315827057
1051.6242042823235,193532.404863896
4675.703905566597,701613.6117463557
2543.434670198915,375369.4037563429
3805.1916814508163,571116.8761294248
2152.2821649408147,329937.78211368236
584.963953593056,100920.99793274768
952.3866141132617,138280.3888538304
2732.98765770466,418446.5407035727
3604.839607068631,574258.9571155218
2006.308969606756,321071.3614296677
3629.6980662994265,591260.7142620536
3643.8601524438022,533443.615699536
3667.711582975239,583680.5275963261
2716.348343092288,391638.77866539126
4616.987675546768,699619.4742668244
2701.38433091277,419857.1802216775
2526.1933707348717,368713.4617721413
1397.2136855478216,211341.33838165874
1884.4478931035144,300876.406014564
690.5052163323651,89370.36448361659
3350.908821272766,536023.9923818678
1618.410847671918,215069.6946562407
1868.698645184593,319098.6256322566
3968.665347489445,615326.3248194086
1972.4953242265424,294079.7871074258
1589.8815140591398,230428.86288413635
1260.7598711016758,178973.41540943092
3986.8628098188015,595313.50866768
1083.678160955121,161581.80691229165
2541.891921126591,406388.3131016803
2781.185522347375,456550.9103597979
3593.2546070857156,542975.7894759376
3349.7756704984795,485553.7808149838
4148.243028253286,611321.933425269
701.3814526680717,101545.40220798507
1833.9832615072874,254495.0471201576
1760.6035344892089,240511.70213123376
1157.076075164487,215503.95552213362
1801.3021423539942,276247.59187202423
1893.9439136430653,267428.92437285284
2848.4800786736523,443604.0832082021
3486.670155168152,499433.6007790859
2214.9523112531633,310322.60573055345
3737.6160409102154,544581.5581152474
2012.74402360811,335001.8691585172
1806.2765479164216,265883.88087189576
2935.3462513566096,391467.7979654417
606.7236213760577,115209.86186992053
859.0510563530017,122730.03116970311
2380.8629461393716,320141.2818033376
4743.107201262904,705132.4104301675
3746.8030092954064,572440.529326409
896.5695627525099,142566.4177435359
4308.431057513932,682232.9582103861
3795.3534677368143,552247.6629091236
3249.2593656619392,488323.3072545903
4191.318322741297,614706.3628396263
2318.4943148433067,316930.28934275155
1496.7547288423375,242223.75677246973
2804.105250989417,429881.179031363
2969.787900170632,451141.7540195718
2922.468674044604,446906.1049718635
3042.8320616604738,442715.35219530266
4769.172132076314,695261.9180650832
4560.105303933041,684768.7430333433
4440.726664515227,689333.2277255163
4106.375649088823,648117.8900723944
4745.426482693784,727722.6265402163
943.2258875573146,142067.37166895912
1693.0546765058277,259353.8800638729
2727.751755445632,409394.6405033523
4309.405219055323,625891.9160643099
2773.2457018522964,416479.80284205533
3866.1563270371494,553226.9127038026
1125.3195736201228,166316.39152095764
1635.8621583945207,278101.4259711045
3792.9924276695256,585406.0486060958
1241.3030399947584,167733.07231448317
2081.1017059471706,310716.67449922994
1691.8981601610715,237097.19778906595
2074.377624001153,309906.36823662877
3687.4582208508664,573940.8894581213
2155.3123151426043,336357.00603758876
2998.684951735731,499485.6243752664
949.6934467448434,166303.56506187795
4122.579619555825,622466.9505549276
2164.498815416562,338217.8217951502
3418.403715650041,508711.6938638394
3764.253207478247,542087.8961800071
1443.474149502652,242636.65399114823
4481.037432290075,692335.4443821443
3273.0091322312883,486130.285542814
2429.263137881667,369868.18542087683
1320.508326101988,222895.0326629943
4740.35422055543,727980.161607435
3897.806918592313,555409.0127638531
1436.11053229962,220288.98027473947
2019.6984862590102,299602.1424290843
4143.53416139633,643790.1381922232
3630.549484469025,565203.277446007
3946.0293172207594,618276.5541466748
2485.404959958196,350452.8572193252
3724.143181889751,542939.2466023379
2239.2217528876117,358164.91165585053
1450.6831262218839,205769.5526264337
3347.04665678612,471628.33889963187
4892.062665194574,744461.3295314674
1897.7043712789832,273711.286886528
2574.363164956428,421950.2901496322
3533.0061698143413,535874.6165519205
2936.7782695511955,443721.9261655126
4295.425080690722,636928.8842712932
3927.8421791128217,620993.0335454626
762.3374173806067,121521.70180488742
4992.895552656983,740764.3425354233
3885.8110417376024,566989.9821285314
4387.564923323509,656665.277407242
3430.389704429059,495005.5189212627
4353.28307621043,673570.0102651434
1005.7233871791923,114691.66699639417
2064.82026001692,306932.7584358766
4443.894246220218,678786.8078347914
1407.4484507010152,217959.65600734542
852.0894436101023,113467.75708120197
4046.5352297534855,620185.4585971538
4259.687700394833,621232.3672915067
1231.934981854553,184342.55414824674
4344.556922522219,664720.3698179399
3590.4550801872633,547826.5176179517
2840.3720744746274,412555.03094280476
4236.125867516233,659368.7704587221
2386.621621935346,359727.13472001255
1372.9728030052875,220805.82866957615
1781.8370447477614,297857.57684562914
2773.2380823199164,438336.1233234796
2890.9885670292906,456050.87318101444
4125.113718985551,622620.656444822
4061.087256435505,625041.790883536
3116.149507420587,471694.35760437435
4013.5346751446436,577843.7119161283
1362.9805623215193,210501.96019832874
725.2903719198246,113920.775462743
4431.352201856151,676377.417508859
839.995221932463,123439.34378560154
1610.0979338479879,226285.57894192115
3628.9352733097307,557470.4126599642
2342.515719322891,325111.91215338866
4443.41286461979,695688.3124100979
1840.909075980213,271508.00017293205
553.4210600121169,87923.7224429409
1852.9503825233485,289113.72044413374
3101.3377213317426,477014.4190966452
2191.72268931482,300578.7173981883
2906.9274009143987,452520.8417480451
4444.691534757584,672766.8067811631
4606.182744036659,678222.1839143266
1696.8832909435046,239539.1546226074
2579.6321297145532,380263.7578160461
2971.1480685865304,419697.3765557697
4771.006055997112,750096.2562193073
4993.777936239731,778789.7169388266
1559.3326197868698,242933.89698754926
3771.4094210561693,561243.4448315835
2201.1397800493783,326228.80724865885
536.4868859879596,95634.3470216733
541.6363509615605,116401.9906342731
2572.547034030151,374474.12031258777
2697.507108519506,382274.3454254594
601.5636345804919,121187.36065897922
3591.1733754843613,502933.23457096517
1823.015248677289,253281.67113654042
3019.5189569117724,447990.68568654876
1854.1358292443845,246911.70503055706
1252.1044169118823,210058.64379291428
2332.281823694939,366980.3789643428
1545.2301415572533,220288.65668928166
2906.604396136256,461582.94180399337
1394.7283862891597,238195.1065114505
2787.8268949008216,415910.621269322
1208.203316909904,172217.13398512546
3519.3861926860322,573099.9694577544
3892.7195799864085,598331.1734396444
996.7740541247019,154642.60117808235
2605.1108541680264,418037.5470579962
818.9226529469311,128877.0106421001
3191.821004939011,468660.73902246787
1689.819340683404,255076.0963122617
2874.3100557741855,451919.59411252255
2828.5745422293103,384442.47000741225
4659.594557872102,693178.5688920309
2970.874501559253,473292.32320552005
3123.4931587324204,458286.6057879927
2307.4390659397113,377038.03109958494
4770.858214322676,743923.6085355976
3997.3365924782433,598289.9065619574
1784.323806362787,256277.78485663803
4298.943135993044,639094.2929159639
2445.783620832905,420159.83296496444
4229.002145901173,671838.8108238409
4202.996307320759,632957.2655342487
1349.9158404328448,190324.30503251852
3655.135091226096,550611.0843955397
1807.8933618793899,276060.5428142438
1838.717014967007,250940.37749286395
1833.5663459626132,276635.7772786972
3765.0571140197667,591206.6535991996
1534.2171880664123,194145.4445856324
504.07625860740603,92143.11809385587
3718.565840671849,585280.8355018729
1270.3313472580637,179338.5551868222
970.1707788852559,179409.1319966095
1568.8225426732706,221516.6401520237
2209.552350452168,340254.50580503326
2641.578473629403,390101.31735113787
700.5651832068387,98944.85033777372
4867.579996823122,717791.0181283074
3722.2837403880117,572314.0706754421
1954.3732939595127,310132.1032485559
1934.137657784288,288832.2046760994
2518.441472158067,350566.8565502645
3318.1017024336484,505778.65869773505
1158.678799650355,182242.10713576712
1350.1841619422853,198193.32406361424
4367.455622750978,692462.9691562629
1653.1471575008266,216693.48832711088
2210.877490888299,287285.9494281735
4420.723329275526,648491.8013973756
3484.1652322992013,536833.2755267092
2037.7034570375974,284538.6258069628
3576.6479557607936,516877.77499359753
588.5744692163616,107306.59710601735
3810.3919700511437,580809.7539636266
2691.572182323078,411277.04554102966
4159.319662780075,639526.5278063219
4795.869434029108,710876.5560389084
4666.048472725558,692327.5894276699
4591.6926955490335,704949.4897835836
2804.764801702492,393816.9846397498
2120.6395136252213,275241.53011581226
2592.6589612880275,380233.160720647
3604.5320149101235,559297.2680178323
4477.98999592034,676809.6933677872
1431.438363500538,231861.58460754098
4631.8692130776635,654454.4957531862
4168.311043864501,631556.592746145
4904.852068302056,748805.100338156
4461.132979767592,642153.9985129251
1759.71798361358,281198.8493529679
976.8016010482146,144289.86222711633
1005.0848239621488,212189.45762644234
1810.5049336022425,228031.01866240168
3263.8267579304265,516956.301043059
4119.4414674372765,610033.0581850699
4546.626381417042,649650.9229237554
3306.8902296615474,485494.43157793226
525.3409073662418,84350.72093168559
1338.4254943334008,221513.157541311
948.7679173401557,176754.47336366685
2134.960140060545,348681.88278316864
2756.0794713518567,394104.2802886886
695.2873036035238,126896.38938585091
2068.1508910804487,318048.33280448476
1306.3085358139515,182854.21995351298
3411.8157481649328,507534.1503551903
2589.22566195953,374186.99610503507
2728.9294112025896,410081.25851911755
2424.613046150575,349098.79927670385
4802.088697189552,699753.4231140839
1466.3080630470345,229528.5920127106
2824.9891692974343,436322.98635980784
3812.0781576440118,568059.7836447696
3005.7998591055316,478223.00494454923
4680.593985725605,696880.4861289386
2200.857600385779,324073.14915535605
2586.541125979301,401190.94854380906
898.3504184662779,132104.05107107497
3240.495999733678,487770.3545405746
1796.9538580164772,219134.30929009028
1221.3906778200599,183542.7493677685
2950.3908180702865,406014.7039611178
2895.3961852095977,409890.41636146227
841.4223855082139,99506.90705112198
3641.9695407251274,525443.7680380926
3306.974857928838,485069.1514966806
1350.5777723592373,192856.81354297587
2612.456879693197,405154.0360391221
3741.4531241535196,565665.7249057218
2882.460832435744,394347.6362890019
2279.700842826066,343621.01917484606
1950.5230613642464,298943.56413630553
3246.772399898241,480444.52965967695
4725.989142396083,707680.6518212784
3522.8517821486753,532233.9698302425
836.3565663634197,140745.47690722457
2573.082380669602,354464.7573511856
4508.708591797824,671419.9479968806
925.080916104891,168928.85937688823
4949.940704618945,770824.331858801
4770.812271404396,732640.579266175
852.2351632844413,138571.76817177972
4700.3599420229975,738146.6862714913
2134.09665616758,358471.45845727035
4301.191251841381,642597.0880152701
2382.725019709722,338020.1040906919
2483.848007161321,367171.3547217083
3354.093909398942,565047.9966852823
3985.148386741925,566385.131156785
652.0511792671189,88396.89409947948
3169.2019798721044,447126.473930963
1340.2984734381694,203540.04827327313
2056.7728303844133,284462.1039797646
2065.858997698474,307703.82919809874
2610.7715309951914,352613.82644890354
2003.6138534427803,312894.49131811
983.125033028005,171915.66008356021
1155.3293233645313,165620.52606341054
650.4709350249395,94868.04011222688
2616.1208839793944,389149.98798228294
4795.014626838449,722870.4075302677
1020.5385064165245,152317.3842231501
4758.190218513869,729090.8718256942
3800.126816294421,594679.8051131822
3368.7446132037344,489030.2675307165
3403.749898956033,504375.91498791904
4220.27441778327,651073.5516459855
981.1393897091962,118737.52749519878
2771.3944560449377,376294.74276982923
3636.9101221734136,550062.8373839817
3140.6920028310365,481030.72864606534
4247.505819604826,622679.8691816521
825.2226905510818,112210.38250025317
3608.1546777462468,526019.355227119
2903.12478673123,418130.21322279575
2206.2238879097454,344803.4995985538
2031.2374200531387,281075.64326801803
3293.746847483868,488751.5698939132
4509.479185899192,658315.1545345817
2732.791667455019,380812.9706002285
4211.2542383461405,649091.6992468565
2309.703718297854,336059.05330120726
960.7750825692945,147885.0639938093
776.7758140638734,86354.85451356081
731.004670956549,94811.91156835284
2210.6756388095146,346723.1034353273
2017.5698787612894,354380.9109310996
3730.716606301563,520083.16965742817
3842.696757131896,572382.3576639958
728.8428597518292,117572.04092564438
1495.0546830005674,211936.19938529943
1734.1783257150487,277117.1885971398
2964.253928642642,427303.4358831901
1150.3185075812762,175624.72934152425
1102.7354873000018,154968.88500503305
4747.050001435811,736446.1218744671
4118.913082840014,604309.67236529
1312.9470594102663,189904.58298580963
2329.5551355747093,368347.0510861495
2100.298996659045,294484.0763169995
4059.518333294333,610302.7511294213
2795.9581241515493,382943.03174900037
1075.3238164706017,139539.90329800878
3825.4642842030976,581462.2681482807
2285.995902012135,323085.4351110956
1683.1591143446617,241582.40851522342
2189.743799093241,338323.29790494486
2739.9045362310335,399401.95761171647
2044.0198238765424,323059.81504580856
1588.5759766629103,242599.65224915784
2293.2591296179116,352702.5316811768
586.2780983745421,112761.02673095197
3976.2403074334125,602832.5073672932
1269.252021054136,221164.7489675073
697.5707613378676,122860.8598614366
3441.6441180728566,505777.56911423936
3982.712579706525,623269.8484564043
4162.2310921677945,629611.9842432281
2720.7913219726997,400225.1041226949
1424.1568311049339,219191.23857215774
3817.5245476242203,594875.2186314383
3648.708847194517,556407.228964022
1608.2183034642796,277680.6021706699
4565.334901382568,706530.8463653617
969.6715613727305,155913.93487395282
4922.097078160966,717793.2000693217
4371.115149398591,652072.6221295862
3595.5439046558386,540764.8684933928
4724.374497259248,722588.804613242
3750.400257456685,575306.6994439465
1357.0564866352065,206949.2811996467
2489.702621507653,375862.3915336914
821.7636094923591,137673.67932537527
2253.4584002965194,320847.0355318782
3837.213588817439,609492.3547076129
2238.9950791886786,294905.92417503236
1986.3237896066034,327056.7580844311
3179.1007512964034,475961.40212595725
4424.9203804950275,683789.653359686
714.124366457506,114395.46365447815
2234.6169561488095,342113.2316405375
1212.083338168682,192897.59024583275
3629.094128293413,560545.2050257676
975.7605219401069,139787.46175927122
3491.6349136111003,544441.2196521898
1787.813918590583,246482.67531701177
1395.1256618175112,209162.23780610418
4713.586510212434,723757.3750173107
583.3605953568014,107404.440895838
2469.99772350306,379715.435490687
597.321466078072,81730.3711525961
2676.1687164694804,419359.46303779614
2754.713200074882,399819.65522885724
1947.4811212763616,327150.3496664325
1094.7279988626065,162515.7818793977
2193.743919805139,298269.0740866516
3525.183229696547,504883.81509415107
4020.7811389000663,603990.0435726016
2888.3777107466403,436053.1620385171
3154.2547749789,512531.3499458569
1402.773670060937,189646.06375685605
1792.9864995244225,269737.21891474194
1228.530245235613,163091.1086437008
1621.8290750207511,233421.2641888446
1511.990511014893,260478.01725362072
2837.519538760569,402901.20635096554
3032.099401058282,466555.758640099
4752.26339369677,720697.6562348034
1380.0679119568538,206526.75826636388
3387.540695726732,518519.8368228445
4177.666710443853,603449.5989277122
3021.0865870237362,486289.4382096316
1647.5164362548408,285624.37534069654
1681.476035090001,253163.4992186864
676.6387388194996,149957.93343519603
1874.4990194681677,273194.29428922676
3850.7165555152105,585616.1232044072
713.8299074319967,135712.26739028978
1486.8287712717379,213844.22648630248
3678.046243393019,524075.9553313641
4021.932032702945,571055.4635930646
2548.932845278678,423556.4580698549
3641.3345231539197,535619.6854603124
2245.784758947014,333152.97857368214
1219.6096026085738,160686.15882486498
2291.672720853079,362717.6937145457
3109.855190914143,450847.08145262976
4766.239768338006,705110.7046974744
809.379284399048,127397.3010481804
2783.2734223023226,396210.094800437
1980.1390019482596,293449.20490195445
2787.4026242451255,446154.5854268342
607.8895131943925,99748.51492949614
1908.614096157116,288902.9602721345
4189.406663871523,632708.2937700058
2992.7378023458687,441127.96843234904
2527.6212176725285,419066.22904597776
1784.8628227190281,251486.28079717286
1841.1913525611017,280397.2261234438
2223.95645115763,335893.97900050064
4260.068194840522,659185.4793687409
4852.459430637207,749932.393371454
2473.9492160766854,370452.0063217614
2270.087774364928,346326.49601700023
4309.478491189382,652992.4687566863
2421.073942863366,317718.2583180928
2984.0817753304304,415832.47425000905
1539.2374906943498,218784.34978971304
3845.7614110058385,565632.2381233383
2893.9474322185183,410106.4663934951
4140.655476081538,636089.9728397033
4013.2972851290137,602036.9611897015
1467.5214572151285,215834.32763453253
3720.359977509931,532930.891136342
4100.244835781172,614145.82808228
2057.4825835207776,256088.69240814442
1276.7410080602353,188252.02499291848
511.8447001081468,78040.37839237714
2529.066438919167,384198.265524305
2085.9472919247874,281610.0585191325
2997.09425221434,454060.4725659805
1346.1849166495358,181099.11210013952
4368.494964499138,639024.8480290241
1659.8984703264935,263343.3982654273
1518.933222894425,268122.2579013586
2663.213254179602,400509.16330299387
2744.829606849234,395382.5318545805
1467.8835295329177,223955.93838013764
1723.373270266621,277286.57368997607
1263.6735761986022,201970.98774724503
3733.0708024542505,614822.8778174125
3965.4006406433687,580503.344714612
2580.478238566772,392116.3653834017
3713.3916020825786,587987.0993807508
3811.7092637185046,601479.5742981463
1122.2398745501387,129334.42265203319
4847.801111755415,727103.0143625126
4194.6437619339395,658886.979607065
1420.1755753812058,270839.1961151636
1337.742660857316,214737.31680361376
1065.4751551081224,152464.0073922887
1122.7035314386326,148221.4666670471
3866.728095629133,624384.0814949869
2613.444156282306,406591.45517166104
4023.2037773294023,586519.228061702
3858.147024575924,574658.9263597131
3220.7572107734973,489317.3119525987
3588.649729604058,549173.5925183711
582.6007597061381,69397.74080500491
1902.9994106225988,273166.10323087993
3370.199806667346,472471.2797526427
542.0522906880989,102103.08939531047
648.3962465716703,90427.06765034422
4333.495921116724,659350.8211511745
3578.111877614323,565161.951813675
1694.1637990415477,258521.97270371107
3595.8327805341905,537115.5075611472
4066.055011126685,613786.6812066814
1880.5742739954558,283350.01317632286
662.1681987463435,124248.52976951041
4697.506061094805,710842.6771149965
2053.309272330337,297108.3704579723
979.1679347811787,167832.1713549718
2713.355921269163,431613.07531754154
3958.105080488602,566949.149536881
1497.4129157790162,255267.61506221452
1712.705225600135,264200.01930418995
1592.2174405936241,244498.0150919756
4962.528737742552,764511.8032933131
1388.3168017874414,196907.99244803062
3089.840976347558,482559.43673595216
4663.69088745634,692018.1237236939
1161.0345599500065,144656.1703982942
4868.843890404651,710371.457978559
4763.64755478031,725887.569875111
4480.573941762182,653176.7244644341
1465.50434598501,252027.17436154452
3353.247752049425,526772.8318762066
3924.0116283255807,615270.5275694964
4937.125676883934,743064.4231261384
1311.9071993661669,201943.3122508242
3947.116547836834,568193.2450906395
2024.6052646720084,323606.45990395104
1290.3190950560106,201144.5333591433
2396.1962354623474,370775.54782519734
4072.2616046687735,644605.4769293737
2591.8241166682346,376654.357821285
2918.853950913718,435305.26163951133
4978.217345900545,753266.0203159252
2295.991848008417,325690.0690920884
3269.3033961915794,486643.53300320014
2143.5989072691737,331398.83229971543
2267.5354084791725,333621.88584441924
3630.3833905043366,570737.2967702327
4720.491392426976,677855.2176277065
2940.6152772154464,463547.7163869838
3957.7996802695093,606893.6615367465
901.4295146763372,123837.85545031878
1450.2111684436713,199043.50390195075
2759.592384137896,372333.20527583535
590.0527563294866,72604.4132011463
1637.8474044315146,266620.6437647871
2828.3058042123475,423124.15610627865
567.3253921533532,108358.4264308398
1690.4582880171877,241171.32179008712
2813.1386876414126,436112.92634834314
3079.1716159156053,447525.77034565236
4665.882618748875,680570.8926881345
3404.0553046277355,508465.7513507468
2366.311111384972,341647.3364813458
4686.580297098805,672130.6015840765
4031.9734252450744,601149.7197724213
1400.0401450073641,212134.7300797304
1088.790626069689,188685.76614037473
3541.152360842298,549908.9676690059
3019.4742450964272,477320.0007491207
4053.531262067401,622436.8392779804
3824.622725354089,580345.6639821129
3313.4519023588177,472438.88722438476
4938.719772330015,743805.4098082078
2901.153785496839,447108.94337114214
1008.9759042577393,180495.1446260696
4227.231041671947,647810.4270854284
1633.3401305556904,269808.688275462
3997.8596666476324,579038.99216984
4806.981932000232,714518.9372770728
3635.5798128395354,553923.9861991558
3182.135724274105,500539.412455967
2571.7377905376825,382856.095663874
2139.8443969793148,319327.74036391417
2088.5213793732632,327021.01302604907
3363.6771756931576,482034.1598110712
3880.7290262198567,614257.444929447
3553.326812679865,515416.300039826
1392.8454553710321,170555.02983446876
2722.94231064571,408642.68676730816
4062.380324823783,643326.2227710788
2640.668351850753,407829.3153842852
2914.8047588097224,452242.524681531
3970.1122167687,596344.5477614473
3475.6938781929116,518306.5317835132
2342.052143970767,320409.6342037527
4529.357200373985,634215.854898014
1231.5518089856537,188658.21811666532
4979.824018656462,773224.5866852738
1034.8366031430674,162108.1645680214
567.2748699690751,97563.22103640153
4505.085055169441,707437.109188207
1602.2907876468023,246918.95517584152
3783.648323510244,565094.1465203842
4149.569187194312,606064.8819661455
4365.438759644526,695260.0652061206
4962.17406048875,754857.0646563862
1823.1786951799959,254604.76995861277
3696.0950386726663,530990.9024448752
1019.299362263727,177956.17887813732
2330.6418111058224,328847.4377377068
4315.872619906657,684457.576136043
2154.4612072659875,268039.9251480839
3159.929212410263,502441.28581733897
2766.9804967608534,424784.97073736734
3406.781890004203,513389.17196176795
4878.024752244627,728194.5441358589
750.8098692563095,150436.07736032704
3082.8268287573337,476565.2014816241
4383.629506626281,639480.3538160331
2666.222202867924,365555.1313096109
853.3723367370776,131551.7947735078
3022.427085875469,453342.6402105721
1994.332508707192,268752.51555856864
1197.2380340207114,178477.83459346
4320.655309775629,636619.6038048603
2847.1978084600473,427265.472635141
4699.7438557058,719480.0505888382
4127.074270713811,648913.3395563522
3618.373071981503,560933.7415246113
522.6147651439037,63963.399774981444
2425.2055548721246,371159.13580740255
1388.6882674341455,209565.3825449623
4598.590599719905,663146.0108653677
1285.6279310436212,200808.8453503886
1787.2702324667848,305223.981628372
2825.765454805246,424513.35030452703
1685.1362854913566,220886.78922919548
1444.3910477560453,217264.03058557917
3195.946962962386,455117.8004648929
900.1828523976073,152299.53799736683
761.7549142441612,124760.53697112676
2175.1038283373214,322847.3731811033
3742.9900452853803,554825.2214756906
2996.630412232766,445249.87580260396
2402.9441081005048,360607.1061019221
3045.8820390106207,441437.60542476224
2144.531680939731,293924.69052093086
4712.658509444508,729672.7553505691
747.0720090984845,104352.78183483351
3530.261655634258,532880.1104285216
4510.771991724878,682321.4377820815
4117.481189308641,624062.5879894004
1328.1846566965103,175751.33856250806
1831.6685704112977,241233.4822706577
3726.7157241819714,547233.5081334559
879.2175163134449,139796.8580953558
4153.377649246628,608447.650037508
3735.0812507215564,553163.7605342488
3783.2299215590415,610030.4365088476
951.0861662041613,105754.4472345335
3729.9224516730387,544387.6878327458
3559.181563489865,571809.3158949583
4239.1512086983275,634980.7078648446
687.1818031541128,88957.56716313871
603.9980081050649,113975.07955598214
2178.5319494535233,327884.40114765073
1169.547277321188,168465.92369729807
3012.730149065999,455756.9009006501
4628.07005678037,681048.3323294001
2261.6587865030706,318898.99671769905
4302.276697726718,643069.5661063128
501.08393533039913,54942.65109803973
1258.315895566329,188961.25057087894
636.9059284433853,102624.02061599457
1976.6623123178088,313560.5559687035
4586.853180634263,710586.4768054759
936.2845561954448,132327.95339667168
3228.8439953471016,494314.8914608466
2531.731726037499,389610.22782975197
4723.106955646156,715022.4176632431
1051.3361414169221,148111.23299352915
1454.1253272600302,197557.4428397223
632.9388587517197,104980.86659408915
2452.708623341182,333769.0422573163
1750.2480480409442,257180.4185547754
4414.576702506444,611113.8850629947
3222.2336593898976,456607.00044131937
3263.4083208906577,471968.5693646502
2893.598135965861,455974.2045474648
913.3265175314045,150761.13811779607
2502.5840767640984,364308.91783776996
4997.773353688324,764253.3989558436
4258.531808807067,656532.2305886679
4520.565743752022,674871.5645953089
4204.518616609248,602990.2296071134
963.6876204394221,140394.89686459102
1523.5171432915984,226569.72339029703
514.0474311038433,52458.02684897199
1865.7955619515017,287210.2701513246
988.7333105592165,153906.23366992958
2627.5700538571236,403036.3620764523
3547.073698582559,537639.5167307326
4435.273827671346,679887.9348530016
3871.4772429090417,577135.0258788957
4723.635181003274,712580.9792979101
742.5423067720496,103426.54033089681
554.8092593744365,71531.40459372646
3476.021512262957,548168.2194546851
1802.085846000108,229437.50286948628
1640.754572475979,263648.3856544821
1988.9918946220741,285937.9666843979
1714.0822605156386,242111.57552448337
2801.4638283571426,425451.12393487955
2480.668012508596,342308.0096292693
2805.9284811949533,404568.8107403189
3527.2112517519627,512098.8948325346
2242.0872903701675,331885.1283918232
1630.8845921397055,228549.93505774206
1247.9024156393546,219207.73605868855
2072.633537896815,346835.3610144814
3838.129138607774,535279.5003362048
3905.172095501613,596662.2684205567
3501.0742400789463,542334.4047933934
1553.1267888809357,243828.72237996245
3146.3881063461395,458795.946090087
3068.103477095816,455333.6103212015
2679.1978914937645,386914.1906285108
2974.905438727389,437830.53518593183
2713.0578468065064,382759.37644763244
3044.553647333487,454387.270667332
3719.7767957950796,527910.4851431606
993.3268748154788,144996.34013775908
3873.315884670607,556025.7489185957
1111.4876755741739,170859.47857195415
799.8259928466862,106385.50770814512
4892.358587996604,739665.3951569814
4806.462959916987,742601.0585548437
771.9644522325382,147583.6065569749
2494.6404866373296,323635.9812151896
1338.1022223489863,184031.4514748723
2684.0520371048815,396546.08402349195
4235.797593498143,644576.1953923511
4777.752986343006,683655.8578683604
3354.1369405319183,483478.6929437835
2092.575502453177,316493.46942111873
3214.965045400693,483942.5216406373
1904.0058774880265,293153.24975160585
4594.206383744271,698004.4720994029
4416.802083976267,669292.2012587573
3012.0428762584743,455679.537771401
1961.5951192116224,295354.0633482707
1820.2535401234027,286333.29281299765
650.3809761727675,52770.693094630624
4171.193829613829,656565.744181499
2526.724458675536,334919.0277837239
1963.0981778011899,272881.4903320886
2619.9965974898923,388464.273690481
4184.320957045934,641100.4013786869
1060.7639346838455,99209.2523865845
4359.451947088222,653355.3055843966
4538.7897579875935,696666.3644864537
4760.185617652497,733918.2049684442
2288.695965901825,329357.8017153245
1477.1318181695233,215553.06698632785
